,fold,speaker_id
0,1,'01_CF56_1'
1,1,'02_CM57_2'
2,1,'18_CM64_3'
3,1,'20_CM51_3'
4,1,'22_CF50_3'
5,1,'23_CF55_3'
6,1,'24_CM63_3'
7,1,'25_CF59_3'
8,1,'29_CF34_3'
9,1,'30_CF62_3'
10,1,'48_CF34_3'
11,1,'49_CM54_4'
12,1,'05_PM53_4'
13,1,'14_PF35_3'
14,1,'24_PF56_2'
15,1,'27_PF26_3'
16,1,'35_PF43_2'
17,1,'37_PF40_3'
18,1,'38_PF31_2'
19,1,'43_PF53_4'
20,1,'46_PF44_2'
21,1,'50_PF35_3'
22,1,'59_PF36_x'
23,1,'64_PF54_2'
24,2,'12_CF36_1'
25,2,'14_CF49_3'
26,2,'26_CM31_3'
27,2,'33_CF46_3'
28,2,'38_CM27_3'
29,2,'46_CF39_3'
30,2,'51_CF52_2'
31,2,'52_CF29_3'
32,2,'53_CF52_1'
33,2,'57_CF25_3'
34,2,'02_PM65_2'
35,2,'16_PF52_3'
36,2,'20_PM43_2'
37,2,'23_PF55_2'
38,2,'32_PF51_2'
39,2,'41_PF32_4'
40,2,'44_PF29_3'
41,2,'48_PF43_3'
42,2,'57_PM56_2'
43,2,'60_PF56_x'
44,2,'61_PM59_3'
45,2,'69_PF48_3'
46,2,'72_PM53_1'
48,3,'03_CF30_3'
49,3,'04_CF57_3'
50,3,'08_CF42_2'
51,3,'09_CF56_3'
52,3,'10_CF51_2'
53,3,'15_CF53_3'
54,3,'17_CF55_3'
55,3,'28_CF34_3'
56,3,'31_CF55_2'
57,3,'37_CF69_1'
58,3,'40_CF59_1'
59,3,'41_CM71_2'
60,3,'56_CM23_3'
61,3,'06_PM64_2'
62,3,'13_PF58_2'
63,3,'15_PM63_4'
64,3,'31_PF68_4'
65,3,'36_PF38_2'
66,3,'42_PF63_4'
67,3,'52_PM53_4'
68,3,'62_PF56_3'
69,3,'65_PF41_3'
70,3,'66_PM33_3'
72,4,'05_CF41_3'
73,4,'11_CF44_2'
74,4,'21_CF58_3'
75,4,'32_CF22_3'
76,4,'44_CF37_3'
77,4,'01_PM58_2'
78,4,'04_PF50_2'
79,4,'07_PM39_4'
80,4,'09_PM60_2'
81,4,'10_PF51_1'
82,4,'11_PF34_4'
83,4,'12_PF68_1'
84,4,'17_PF44_2'
85,4,'22_PF40_3'
86,4,'25_PF36_4'
87,4,'26_PM54_3'
88,4,'49_PM31_3'
89,4,'53_PM50_2'
90,4,'56_PM57_4'
91,4,'58_PM43_3'
92,4,'67_PF54_1'
93,4,'70_PF51_1'
94,4,'71_PM68_1'
96,5,'06_CF44_2'
97,5,'07_CF50_2'
98,5,'13_CF45_2'
99,5,'16_CF33_4'
100,5,'19_CF62_4'
101,5,'27_CF63_4'
102,5,'36_CF59_2'
103,5,'39_CM27_3'
104,5,'45_CF40_3'
105,5,'47_CF61_2'
106,5,'50_CF46_2'
107,5,'54_CM48_2'
108,5,'03_PF66_3'
109,5,'08_PF37_2'
110,5,'18_PF33_2'
111,5,'19_PF43_2'
112,5,'21_PM33_3'
113,5,'29_PF42_3'
114,5,'33_PM19_3'
115,5,'47_PF42_2'
116,5,'51_PF58_2'
117,5,'54_PF48_3'
118,5,'68_PF43_3'