pcm_RMSenergy_sma,pcm_fftMag_mfcc_sma[1],pcm_fftMag_mfcc_sma[2],pcm_fftMag_mfcc_sma[3],pcm_fftMag_mfcc_sma[4],pcm_fftMag_mfcc_sma[5],pcm_fftMag_mfcc_sma[6],pcm_fftMag_mfcc_sma[7],pcm_fftMag_mfcc_sma[8],pcm_fftMag_mfcc_sma[9],pcm_fftMag_mfcc_sma[10],pcm_fftMag_mfcc_sma[11],pcm_fftMag_mfcc_sma[12],pcm_zcr_sma,F0final_sma,voicingFinalUnclipped_sma,pcm_RMSenergy_sma_de,pcm_fftMag_mfcc_sma_de[1],pcm_fftMag_mfcc_sma_de[2],pcm_fftMag_mfcc_sma_de[3],pcm_fftMag_mfcc_sma_de[4],pcm_fftMag_mfcc_sma_de[5],pcm_fftMag_mfcc_sma_de[6],pcm_fftMag_mfcc_sma_de[7],pcm_fftMag_mfcc_sma_de[8],pcm_fftMag_mfcc_sma_de[9],pcm_fftMag_mfcc_sma_de[10],pcm_fftMag_mfcc_sma_de[11],pcm_fftMag_mfcc_sma_de[12],pcm_zcr_sma_de,F0final_sma_de,voicingFinalUnclipped_sma_de
2.371354e-03,-4.814239e+00,-6.284817e+00,-1.901153e+01,-1.168847e+01,5.098716e+00,8.169032e-01,-3.027184e+00,-7.504179e+00,-1.422112e+00,-2.269418e+00,-1.335726e+01,9.562330e-01,4.381989e-02,1.835895e+02,7.930727e-01,3.893739e-05,-1.813324e-01,1.423192e-02,-2.066391e-01,2.505941e-01,6.305264e-01,7.078975e-01,2.568972e-01,8.333521e-02,-1.997230e-01,-5.358763e-01,-1.240870e+00,-6.360892e-01,1.813233e-04,-1.896759e-01,-2.672076e-05
2.450049e-03,-5.162470e+00,-6.049937e+00,-1.950102e+01,-1.111616e+01,6.156329e+00,2.029595e+00,-2.442316e+00,-7.751726e+00,-1.942104e+00,-3.243800e+00,-1.548899e+01,-5.955100e-01,4.381989e-02,1.833508e+02,7.929267e-01,4.969372e-05,-2.767212e-01,-3.736453e-02,-3.665520e-01,4.940918e-01,1.204226e+00,1.100298e+00,5.814217e-01,5.827847e-01,-9.265995e-03,-9.727383e-01,-1.749428e+00,-7.419432e-01,4.533090e-04,-3.493576e-01,-7.640720e-05
2.526693e-03,-5.546785e+00,-6.331097e+00,-1.979998e+01,-1.072166e+01,7.722542e+00,3.750045e+00,-2.035132e+00,-6.963730e+00,-2.160730e+00,-4.461608e+00,-1.849574e+01,-1.448341e+00,4.472650e-02,1.827605e+02,7.930121e-01,3.648554e-05,-2.520043e-01,-3.712454e-02,-4.089298e-01,6.332709e-01,1.519126e+00,1.385491e+00,6.498271e-01,1.233003e+00,4.666895e-01,-1.181669e+00,-1.686476e+00,-2.812929e-01,5.439710e-04,-4.537292e-01,-1.255155e-04
2.542153e-03,-5.831572e+00,-6.448499e+00,-2.045006e+01,-9.701421e+00,9.807931e+00,4.851822e+00,-6.161006e-01,-4.860481e+00,-1.099132e+00,-6.037014e+00,-1.953516e+01,-1.551196e+00,4.563312e-02,1.822573e+02,7.927210e-01,-2.754363e-06,-1.539431e-01,8.529172e-02,-3.079708e-01,5.927737e-01,1.311905e+00,1.232974e+00,4.925929e-01,1.686978e+00,8.055127e-01,-1.019639e+00,-6.775797e-01,3.807043e-01,1.511026e-04,-4.185074e-01,-4.229903e-04
2.507730e-03,-5.739709e+00,-6.271158e+00,-2.058166e+01,-9.229488e+00,1.086855e+01,6.333243e+00,-6.911556e-01,-2.784786e+00,4.898502e-01,-6.781155e+00,-1.976655e+01,2.761157e-02,4.563312e-02,1.818677e+02,7.925480e-01,-3.889077e-05,-1.064482e-01,2.747045e-01,-1.773197e-01,2.224693e-01,6.549503e-01,7.200485e-01,3.775261e-01,1.537923e+00,5.139194e-01,-7.625502e-01,1.761267e-01,6.831759e-01,-5.741913e-04,-3.215698e-01,-4.910588e-04
2.445759e-03,-5.835723e+00,-5.653448e+00,-2.065003e+01,-8.898377e+00,1.114285e+01,6.902866e+00,-6.513396e-01,-1.406306e+00,7.601698e-01,-7.182222e+00,-1.824148e+01,5.700351e-01,4.412209e-02,1.817047e+02,7.910438e-01,-4.849285e-05,-1.335788e-01,2.372668e-01,-4.393883e-02,-3.365958e-01,-1.748663e-01,1.586093e-01,2.374850e-01,7.210419e-01,-2.482654e-01,-2.974781e-01,6.490528e-01,2.903114e-01,-1.027500e-03,-2.581772e-01,-3.419876e-04
2.380436e-03,-6.076950e+00,-5.355100e+00,-2.058660e+01,-1.001083e+01,1.032983e+01,6.324766e+00,-1.298819e-01,-1.001201e+00,-5.207846e-01,-7.701756e+00,-1.826195e+01,9.069225e-01,4.261106e-02,1.814289e+02,7.913954e-01,-3.873359e-05,-1.460780e-01,7.762337e-02,-8.231239e-02,-5.310775e-01,-7.238765e-01,-3.594556e-01,5.069900e-01,-4.596273e-02,-6.780964e-01,2.238163e-01,6.612452e-01,-1.486219e-01,-7.555142e-04,-2.198013e-01,-9.244085e-05
2.363335e-03,-6.330845e+00,-5.720194e+00,-2.066729e+01,-1.099373e+01,9.202955e+00,5.649107e+00,2.906876e-01,-2.147064e+00,-1.835142e+00,-7.064105e+00,-1.704220e+01,-5.392938e-01,4.200665e-02,1.811857e+02,7.915874e-01,-1.672227e-05,-6.572962e-03,-1.414591e-01,-1.022148e-01,-3.108777e-01,-9.013637e-01,-1.756072e-01,3.920964e-01,-3.226276e-01,-6.409856e-01,8.147755e-01,4.734686e-01,-1.241146e-01,3.324274e-04,-1.617798e-01,5.495548e-05
2.355274e-03,-6.222538e+00,-5.849668e+00,-2.098459e+01,-1.083720e+01,8.219110e+00,5.162844e+00,1.372781e+00,-2.644221e+00,-1.602976e+00,-5.721132e+00,-1.705997e+01,-1.608337e-01,4.291327e-02,1.810282e+02,7.918140e-01,-9.687780e-06,2.012580e-01,-1.122608e-01,1.070404e-03,2.221189e-01,-4.364284e-01,2.890040e-01,2.126945e-02,2.264556e-01,-1.266181e-02,9.291193e-01,4.827169e-01,3.567724e-01,1.208824e-03,-6.665345e-02,-5.211055e-04
2.374729e-03,-5.795794e+00,-6.113459e+00,-2.096211e+01,-1.003958e+01,7.691393e+00,6.605791e+00,5.578113e-01,-2.197934e+00,-1.903662e+00,-4.098656e+00,-1.647513e+01,4.833402e-01,4.563312e-02,1.810962e+02,7.911093e-01,-1.417545e-05,2.859837e-01,6.306324e-02,1.401371e-01,4.564522e-01,3.214083e-01,6.144606e-01,-5.117804e-01,9.919559e-01,4.653069e-01,3.197088e-01,4.599806e-01,6.307741e-01,1.057721e-03,9.141540e-03,-7.609308e-04
2.326300e-03,-5.338186e+00,-5.719772e+00,-2.043383e+01,-9.377310e+00,8.903473e+00,7.291444e+00,-1.570965e-01,1.565120e-01,-5.498335e-01,-4.538883e+00,-1.613190e+01,2.179467e+00,4.684195e-02,1.811404e+02,7.890289e-01,-1.879989e-05,1.523520e-01,1.386319e-01,2.161417e-01,3.976510e-01,9.236784e-01,5.864803e-01,-8.916990e-01,9.163998e-01,1.015161e+00,-5.667642e-01,5.249004e-01,1.069409e-01,-3.022067e-05,7.402344e-02,-1.078814e-03
2.306945e-03,-5.343103e+00,-5.469826e+00,-2.024198e+01,-9.441413e+00,1.046782e+01,7.657111e+00,-1.503276e+00,1.412350e+00,-3.517852e-02,-6.056685e+00,-1.520633e+01,1.444426e+00,4.533092e-02,1.811753e+02,7.891753e-01,-2.345266e-05,-6.535015e-02,9.872603e-02,9.384556e-02,3.601870e-01,9.454885e-01,3.587405e-01,-7.573184e-01,3.312481e-01,1.098152e+00,-8.530308e-01,2.400944e-01,-7.226794e-01,-1.178603e-03,1.175858e-01,-1.365513e-03
2.295166e-03,-5.687124e+00,-5.478325e+00,-2.026395e+01,-9.148029e+00,1.144929e+01,7.569585e+00,-2.055171e+00,1.326361e-01,2.538587e+00,-7.575939e+00,-1.506987e+01,-1.066724e-01,4.291327e-02,1.813587e+02,7.873870e-01,-2.320029e-05,-2.356905e-01,-1.500273e-02,2.804470e-02,4.075499e-01,6.014966e-01,6.475236e-01,-7.512145e-01,-5.630350e-01,1.008682e+00,-4.608249e-01,-2.116127e-01,-1.159368e+00,-1.148383e-03,1.765778e-01,-2.836269e-03
2.273033e-03,-5.948076e+00,-5.740552e+00,-2.057783e+01,-8.353287e+00,1.114593e+01,8.260423e+00,-2.279743e+00,-5.297558e-01,2.042889e+00,-6.845282e+00,-1.580567e+01,-1.986987e+00,4.170445e-02,1.815750e+02,7.851027e-01,-3.033096e-05,-2.224975e-01,4.131293e-02,4.682197e-02,5.705788e-01,4.699317e-01,9.185206e-01,-6.142261e-01,-7.075149e-01,7.527194e-01,1.016299e-01,-5.760914e-01,-8.703380e-01,-1.813240e-04,1.545059e-01,-4.540103e-03
2.227255e-03,-6.214152e+00,-5.659422e+00,-2.012569e+01,-7.883624e+00,1.157190e+01,1.022741e+01,-3.524935e+00,-1.687610e+00,3.454541e+00,-6.448709e+00,-1.689029e+01,-1.901666e+00,4.291327e-02,1.818235e+02,7.768838e-01,-3.774085e-05,-1.632636e-01,1.597353e-01,2.455826e-01,4.238228e-01,5.592957e-01,1.002590e+00,-6.842752e-01,-6.663744e-01,3.831971e-01,2.026090e-01,-4.873547e-01,-4.412658e-01,8.159563e-04,6.233063e-02,-5.477321e-03
2.189246e-03,-6.192076e+00,-5.172713e+00,-2.007700e+01,-7.220722e+00,1.275617e+01,1.092080e+01,-3.839524e+00,-1.215102e+00,3.270442e+00,-6.112151e+00,-1.717657e+01,-2.009767e+00,4.442430e-02,1.817155e+02,7.717263e-01,-3.961851e-05,-2.620173e-02,2.009391e-01,3.653755e-01,3.647539e-01,6.254585e-01,6.865498e-01,-6.278222e-01,-5.384580e-01,9.897502e-02,-1.538559e-01,2.735920e-02,-3.274406e-01,9.368390e-04,-5.180206e-02,-4.651433e-03
2.148356e-03,-6.381442e+00,-4.963568e+00,-1.928645e+01,-7.595198e+00,1.344065e+01,1.125235e+01,-4.696656e+00,-2.856563e+00,3.840796e+00,-6.929460e+00,-1.682119e+01,-2.301611e+00,4.563313e-02,1.816001e+02,7.666885e-01,-4.322373e-05,7.473302e-02,1.377145e-01,3.187408e-01,3.947223e-01,1.850307e-01,2.600282e-01,-3.900006e-01,-5.532641e-01,-3.902026e-01,-4.561370e-01,2.755302e-01,-4.653896e-01,2.417650e-04,-1.176956e-01,-2.728975e-03
2.114390e-03,-5.995440e+00,-5.083784e+00,-1.917057e+01,-6.673730e+00,1.333885e+01,1.118070e+01,-4.832994e+00,-2.637569e+00,2.344636e+00,-7.374186e+00,-1.570343e+01,-3.424217e+00,4.502871e-02,1.814277e+02,7.669432e-01,-4.739629e-05,1.171489e-01,1.543114e-01,2.206230e-01,5.408419e-01,-3.329182e-01,2.048862e-01,-3.127397e-01,-5.926714e-01,-4.090073e-01,-5.856963e-01,2.626347e-01,-1.515845e-01,-3.022060e-04,-1.217728e-01,-1.400363e-03
2.048564e-03,-5.938805e+00,-5.015314e+00,-1.898520e+01,-6.183508e+00,1.220572e+01,1.139760e+01,-4.978203e+00,-3.742697e+00,1.966431e+00,-8.098376e+00,-1.624921e+01,-3.521389e+00,4.381989e-02,1.813789e+02,7.656305e-01,-5.491390e-05,1.427679e-01,2.916287e-01,-1.367264e-02,5.712211e-01,-6.844190e-01,6.863642e-02,-1.234190e-01,-6.407906e-01,-3.686398e-01,-3.652238e-01,1.443577e-02,1.866306e-01,-3.022067e-04,-1.669678e-01,1.028776e-05
2.002160e-03,-5.827650e+00,-4.375283e+00,-1.912451e+01,-5.222357e+00,1.170904e+01,1.187261e+01,-5.262449e+00,-3.735392e+00,2.162588e+00,-8.456174e+00,-1.614939e+01,-2.157801e+00,4.381989e-02,1.812172e+02,7.652535e-01,-6.658609e-05,1.050098e-01,4.195012e-01,4.255905e-02,1.680464e-01,-6.645687e-01,-9.790774e-02,6.243186e-02,-8.532770e-01,-3.356429e-01,2.318563e-02,2.066345e-02,5.365337e-01,1.511026e-04,-2.698013e-01,5.845487e-04
1.929901e-03,-5.751497e+00,-3.859675e+00,-1.937784e+01,-5.464779e+00,1.083345e+01,1.124958e+01,-5.099024e+00,-5.511605e+00,2.088621e+00,-8.214585e+00,-1.652603e+01,-2.001667e+00,4.472651e-02,1.808705e+02,7.675848e-01,-6.707067e-05,1.248406e-01,3.478213e-01,1.186771e-01,-1.278475e-01,-5.818660e-01,-4.299178e-01,2.880375e-01,-6.091585e-01,-6.067720e-01,3.610441e-01,4.009698e-01,3.330209e-01,2.719849e-04,-4.452392e-01,1.627266e-03
1.840791e-03,-5.564044e+00,-3.564097e+00,-1.876145e+01,-6.192863e+00,1.070213e+01,1.076517e+01,-4.460424e+00,-6.019501e+00,6.053263e-01,-7.200153e+00,-1.546170e+01,-1.501410e+00,4.533092e-02,1.803328e+02,7.688888e-01,-5.650543e-05,1.638432e-01,1.611290e-01,2.003693e-01,-3.668978e-01,-5.821209e-01,-7.336607e-01,6.049312e-01,-1.628481e-01,-8.521002e-01,6.925336e-01,2.407934e-01,3.522937e-02,1.511022e-04,-6.147339e-01,1.618117e-03
1.793895e-03,-5.446405e+00,-3.681800e+00,-1.857334e+01,-6.337492e+00,9.799842e+00,9.801726e+00,-3.939028e+00,-5.646435e+00,-2.887983e-01,-6.921166e+00,-1.458821e+01,-2.184480e+00,4.442430e-02,1.795949e+02,7.719492e-01,-3.046917e-05,1.855337e-01,1.540282e-01,3.486595e-02,-4.517616e-01,-3.802613e-01,-5.937851e-01,3.293560e-01,5.110956e-01,-5.888330e-01,4.882980e-01,-1.226820e-01,-1.847685e-01,-1.208834e-04,-6.975158e-01,7.891178e-04
1.787636e-03,-5.160980e+00,-3.658575e+00,-1.852491e+01,-6.620490e+00,9.315246e+00,8.928229e+00,-2.817790e+00,-4.482217e+00,-9.092026e-01,-5.640215e+00,-1.591433e+01,-1.890247e+00,4.472650e-02,1.787814e+02,7.711619e-01,-1.756423e-05,2.469916e-01,2.806091e-01,-2.632009e-01,-3.891937e-01,-2.061329e-01,-5.500835e-01,2.630886e-01,7.521911e-01,-4.417869e-01,3.084067e-01,-8.049816e-01,-3.855964e-01,0,-6.524094e-01,-1.696169e-04
1.804133e-03,-5.025361e+00,-3.042295e+00,-1.932178e+01,-7.509774e+00,9.625590e+00,9.199122e+00,-4.273561e+00,-3.724768e+00,-9.827908e-02,-6.553064e+00,-1.691312e+01,-2.731091e+00,4.442430e-02,1.781587e+02,7.703938e-01,-2.698861e-05,2.170063e-01,4.539959e-01,-1.681826e-01,-2.136372e-01,1.439829e-02,-3.024692e-02,1.203756e-02,5.116177e-01,-2.805279e-01,1.198016e-01,-6.443713e-01,-5.260480e-01,-2.417639e-04,-4.630615e-01,-1.587492e-03
1.747851e-03,-4.539608e+00,-2.480804e+00,-1.970324e+01,-7.552691e+00,9.758595e+00,8.316058e+00,-2.977715e+00,-3.219378e+00,-1.698868e+00,-5.842171e+00,-1.832415e+01,-3.156087e+00,4.533092e-02,1.777889e+02,7.688184e-01,-4.843061e-05,1.496511e-01,4.107701e-01,2.575935e-01,7.346878e-02,-9.518242e-02,3.748547e-01,-1.787661e-01,-3.496242e-02,-3.373265e-01,-1.101403e-02,3.210541e-01,-6.737479e-01,-1.178602e-03,-1.701202e-01,-2.291828e-03
1.678845e-03,-4.672059e+00,-2.000706e+00,-1.882509e+01,-6.939578e+00,9.650159e+00,9.956577e+00,-3.798878e+00,-3.719766e+00,-1.296605e+00,-6.221180e+00,-1.660515e+01,-4.181800e+00,4.291327e-02,1.777758e+02,7.651835e-01,-6.442952e-05,2.517128e-02,2.644154e-01,7.584627e-01,1.004260e-01,-1.069206e-01,3.812023e-01,-4.089273e-01,-5.566494e-01,-3.102038e-01,-1.090406e-01,1.141702e+00,-4.505954e-01,-2.508310e-03,1.312027e-01,-2.943027e-03
1.608127e-03,-4.589375e+00,-2.125519e+00,-1.748529e+01,-6.538244e+00,8.827049e+00,1.042378e+01,-3.948962e+00,-4.659531e+00,-1.996672e+00,-5.861228e+00,-1.446305e+01,-4.533632e+00,3.958900e-02,1.781222e+02,7.623079e-01,-6.093995e-05,-1.173828e-01,1.926123e-01,8.333458e-01,-2.258526e-01,1.200684e-01,-2.637863e-03,-9.366535e-01,-5.275800e-01,-1.537471e-01,-7.550328e-01,1.511646e+00,-1.046452e-02,-3.354488e-03,4.257248e-01,-2.812290e-03
1.551847e-03,-4.874621e+00,-1.897861e+00,-1.663844e+01,-7.514867e+00,9.556760e+00,1.005128e+01,-5.832573e+00,-5.787940e+00,-1.500396e+00,-7.088739e+00,-1.313517e+01,-4.295295e+00,3.475370e-02,1.786481e+02,7.589340e-01,-4.743154e-05,-1.734788e-01,2.290493e-01,4.868828e-01,-3.689104e-01,4.631166e-01,-9.487337e-01,-8.112170e-01,-1.110436e-01,-2.602883e-01,-1.122784e+00,8.046194e-01,4.940871e-01,-2.568752e-03,5.702438e-01,-3.084463e-03
1.506650e-03,-5.025241e+00,-1.569166e+00,-1.662984e+01,-8.394309e+00,1.040564e+01,8.255520e+00,-6.644135e+00,-4.823192e+00,-2.365708e+00,-9.183556e+00,-1.250091e+01,-3.151662e+00,3.263826e-02,1.794814e+02,7.578817e-01,-2.888263e-05,-2.094785e-01,1.792309e-01,1.812679e-01,-8.365192e-02,4.367456e-01,-1.200245e+00,-6.471654e-01,2.982989e-01,6.766213e-02,-1.330804e+00,4.913855e-02,5.858670e-01,-7.857364e-04,5.146637e-01,-3.023589e-03
1.492425e-03,-5.321520e+00,-1.133636e+00,-1.681840e+01,-7.856097e+00,1.117645e+01,6.297037e+00,-6.507377e+00,-4.193153e+00,-2.413529e+00,-1.017394e+01,-1.356312e+01,-2.402350e+00,3.354488e-02,1.799474e+02,7.519743e-01,-1.785308e-05,-1.093284e-01,1.852829e-02,1.495972e-01,4.557657e-01,-1.862807e-01,-8.524801e-01,-1.109877e-01,2.590052e-01,1.286628e-01,-8.459698e-01,-2.566870e-01,4.385800e-02,1.329707e-03,3.098541e-01,-2.497053e-03
1.493425e-03,-5.413318e+00,-1.611477e+00,-1.648897e+01,-6.785889e+00,1.020093e+01,6.299669e+00,-6.847388e+00,-3.965429e+00,-1.201795e+00,-1.097265e+01,-1.400338e+01,-2.550770e+00,3.626473e-02,1.800458e+02,7.506698e-01,-1.852572e-05,5.072327e-02,-6.343335e-02,2.345265e-01,6.849287e-01,-5.862700e-01,-2.510268e-01,3.082191e-01,-1.534007e-01,2.180595e-01,-1.701597e-01,-2.280733e-01,-6.302720e-01,2.780296e-03,1.429443e-02,-9.091258e-04
1.469195e-03,-5.227224e+00,-1.784064e+00,-1.596089e+01,-6.040249e+00,8.727708e+00,6.766800e+00,-6.285885e+00,-4.921795e+00,-1.439039e+00,-1.042404e+01,-1.366737e+01,-4.376451e+00,3.958900e-02,1.799151e+02,7.500547e-01,-3.164774e-05,2.059932e-01,1.160258e-01,3.143591e-01,4.547388e-01,-5.917524e-01,2.506424e-01,6.580796e-01,-1.855950e-01,-1.554178e-01,3.153634e-01,3.096209e-01,-1.073081e+00,3.807797e-03,-1.151230e-01,3.899932e-04
1.425637e-03,-4.818773e+00,-1.561119e+00,-1.588596e+01,-5.877590e+00,8.698656e+00,6.765504e+00,-5.213785e+00,-5.225874e+00,-1.762656e+00,-9.909302e+00,-1.358916e+01,-5.315971e+00,4.351768e-02,1.795690e+02,7.542959e-01,-4.699181e-05,2.184291e-01,5.100955e-01,3.210684e-01,1.644967e-01,6.374111e-02,1.433734e-01,9.525238e-01,1.762487e-01,-4.815085e-01,5.595423e-01,4.434530e-01,-7.174993e-01,4.019342e-03,-1.958923e-01,-1.447016e-03
1.368081e-03,-4.588827e+00,-5.786864e-01,-1.554811e+01,-6.036552e+00,8.968825e+00,7.317331e+00,-4.033781e+00,-4.490906e+00,-2.910187e+00,-9.128793e+00,-1.222213e+01,-6.385153e+00,4.895739e-02,1.796102e+02,7.521112e-01,-5.365303e-05,4.866176e-02,8.592097e-01,5.003535e-01,1.508300e-01,5.018214e-01,1.403352e-01,9.241811e-01,5.868365e-01,-2.675089e-01,7.007719e-01,5.555755e-01,-2.765066e-01,3.656694e-03,-1.802063e-01,-6.034208e-03
1.309022e-03,-4.640371e+00,3.363118e-01,-1.509001e+01,-5.965253e+00,1.039908e+01,6.741271e+00,-3.210821e+00,-3.299630e+00,-2.873763e+00,-8.822559e+00,-1.250873e+01,-5.133915e+00,5.167725e-02,1.792188e+02,7.424064e-01,-5.611842e-05,-2.047652e-01,9.989372e-01,6.669032e-01,4.466593e-01,4.906317e-01,1.916687e-01,8.996447e-01,3.938664e-01,-1.629397e-01,9.317330e-01,5.690830e-01,-1.586734e-01,3.747355e-03,-1.210075e+01,-1.166959e-02
1.259236e-03,-5.073116e+00,1.563269e+00,-1.385709e+01,-5.242267e+00,1.038660e+01,7.480593e+00,-2.666462e+00,-2.950734e+00,-2.221030e+00,-7.463554e+00,-1.142971e+01,-5.850012e+00,5.379269e-02,1.791892e+02,7.258283e-01,-5.044213e-05,-4.934636e-01,9.100280e-01,7.144159e-01,6.597010e-01,3.884739e-01,2.146819e-01,4.924805e-01,-2.875677e-01,-1.248008e-01,6.432330e-01,3.574929e-01,-1.823797e-01,5.288607e-03,-2.997753e+01,-1.641394e-02
1.199467e-03,-5.600454e+00,2.362590e+00,-1.339695e+01,-4.041436e+00,1.044293e+01,7.642217e+00,-1.399221e+00,-4.026628e+00,-2.921933e+00,-6.083256e+00,-1.113995e+01,-6.376909e+00,5.983681e-02,1.192758e+02,7.090893e-01,-4.267257e-05,-6.890054e-01,6.111717e-01,5.706274e-01,9.839822e-01,1.906010e-01,1.114595e-01,-1.429146e-01,-7.976511e-01,-5.260836e-01,-1.230769e-02,3.044069e-01,-3.046747e-01,7.071623e-03,-4.779327e+01,-1.875014e-02
1.170648e-03,-6.576103e+00,2.958315e+00,-1.282256e+01,-3.699956e+00,1.088927e+01,7.940267e+00,-2.477178e+00,-5.565245e+00,-3.510106e+00,-7.282279e+00,-1.111905e+01,-6.675555e+00,7.132065e-02,5.969406e+01,6.867000e-01,-3.357430e-05,-7.544667e-01,2.864121e-01,6.506244e-01,9.058965e-01,1.787738e-01,-3.717425e-01,-7.952762e-01,-8.615729e-01,-7.773925e-01,-3.858787e-01,-7.281876e-03,-1.450261e-01,6.013902e-03,-4.776542e+01,-1.883430e-02
1.139954e-03,-7.333905e+00,2.694648e+00,-1.275414e+01,-1.816498e+00,1.110075e+01,7.068731e+00,-4.020036e+00,-5.980630e+00,-4.859643e+00,-8.974735e+00,-1.114202e+01,-6.244518e+00,7.827138e-02,0,6.682199e-01,-3.044398e-05,-5.999137e-01,4.726372e-02,9.963577e-01,8.126516e-01,-3.149567e-01,-6.423623e-01,-9.378324e-01,-5.524991e-01,-8.015728e-01,-9.523101e-02,1.430895e-01,-4.317040e-02,1.903899e-03,-2.982456e+01,-1.766882e-02
1.121121e-03,-7.978724e+00,2.829301e+00,-1.092538e+01,-1.825253e+00,1.095156e+01,5.908623e+00,-5.332435e+00,-6.281598e+00,-5.139137e+00,-7.947208e+00,-1.146508e+01,-6.641338e+00,7.464491e-02,0,6.520916e-01,-3.038181e-05,-3.138146e-01,-2.612018e-03,1.312283e+00,5.611116e-01,-9.685981e-01,-5.748900e-01,-2.927378e-01,-6.233750e-02,-5.742971e-01,4.769948e-01,4.883975e-01,8.143564e-02,-3.112723e-03,-1.193881e+01,-1.442754e-02
1.072010e-03,-7.898712e+00,2.663415e+00,-9.363757e+00,-9.155288e-01,8.836998e+00,5.446228e+00,-4.660754e+00,-6.430948e+00,-6.115282e+00,-6.226946e+00,-1.025149e+01,-6.609869e+00,6.769417e-02,0,6.380495e-01,-2.581677e-05,-1.522870e-01,2.764554e-01,1.226452e+00,4.339567e-01,-1.195860e+00,-4.428126e-01,2.054181e-01,5.435634e-01,-3.002063e-01,5.256181e-02,7.186896e-01,3.117243e-01,-6.074342e-03,0,-1.466422e-02
1.052711e-03,-7.862772e+00,2.960871e+00,-7.956341e+00,-1.344883e+00,7.178157e+00,5.877069e+00,-3.620508e+00,-5.651774e+00,-5.753772e+00,-6.271200e+00,-9.122331e+00,-6.085701e+00,6.104564e-02,0,6.296476e-01,-2.006883e-05,-1.193998e-01,5.920836e-01,8.320285e-01,6.762541e-01,-6.936567e-01,-3.191628e-01,5.714141e-01,9.106821e-01,-3.433070e-01,-6.168609e-01,6.836599e-01,5.034176e-01,-6.980960e-03,0,-5.346579e-02
1.045075e-03,-8.153316e+00,4.011139e+00,-8.106402e+00,1.131003e-01,7.008150e+00,4.870445e+00,-3.848909e+00,-3.577725e+00,-6.053357e+00,-9.549931e+00,-8.719951e+00,-4.963715e+00,5.469931e-02,0,6.061208e-01,-1.673848e-05,-2.620407e-01,8.374529e-01,7.150516e-01,8.201189e-01,4.361955e-01,-4.295018e-01,4.498127e-01,7.421977e-01,-6.887206e-01,-8.487082e-01,2.646030e-01,6.031940e-01,-6.980962e-03,0,-1.119781e-01
1.034245e-03,-8.448421e+00,5.115856e+00,-7.393912e+00,1.041702e+00,8.397700e+00,4.600700e+00,-2.881287e+00,-3.154799e+00,-6.886635e+00,-9.370021e+00,-8.812551e+00,-4.947327e+00,4.623754e-02,0,4.007269e-01,-2.129099e-05,-4.001317e-01,6.189328e-01,1.016612e+00,9.686408e-01,9.765289e-01,-1.561761e-01,6.845007e-01,2.044030e-01,-7.826156e-01,-6.013393e-03,1.108420e-01,8.842760e-01,-5.983680e-03,0,-1.672796e-01
9.975507e-04,-8.916091e+00,5.773187e+00,-6.069714e+00,1.991773e+00,1.040820e+01,3.936903e+00,-2.781301e+00,-3.968447e+00,-8.992454e+00,-8.921077e+00,-9.083366e+00,-4.163086e+00,4.019341e-02,0,1.926195e-01,-2.098620e-05,-5.920470e-01,8.773756e-02,1.214133e+00,8.824363e-01,8.031720e-01,6.429687e-01,1.334559e+00,1.847236e-01,2.022161e-01,8.294516e-01,1.521925e-01,1.078380e+00,-3.022061e-03,0,-1.612968e-01
9.700182e-04,-9.482043e+00,5.174511e+00,-3.891627e+00,2.558985e+00,1.036077e+01,5.562959e+00,-7.318089e-01,-4.434398e+00,-8.197302e+00,-6.615694e+00,-8.386413e+00,-2.064636e+00,3.838018e-02,0,0,-1.505506e-05,-8.011133e-01,-4.480789e-01,1.090759e+00,1.023137e+00,1.912818e-01,1.081038e+00,1.800218e+00,5.468904e-01,1.218775e+00,1.068665e+00,5.081186e-02,1.319165e+00,1.722574e-03,0,-9.940733e-02
9.722575e-04,-1.059674e+01,4.420500e+00,-3.786881e+00,3.766640e+00,1.004247e+01,7.604159e+00,1.749149e+00,-2.014307e+00,-4.386943e+00,-6.779836e+00,-8.172057e+00,-1.013160e+00,4.351768e-02,0,0,-6.530795e-06,-8.375181e-01,-7.096269e-01,5.747999e-01,1.010774e+00,-2.400222e-01,1.088641e+00,1.901661e+00,9.714890e-01,1.521496e+00,6.059465e-01,-1.767727e-01,1.085133e+00,7.101843e-03,0,-3.852389e-02
9.716158e-04,-1.161366e+01,3.551805e+00,-3.081535e+00,5.269953e+00,9.536975e+00,8.172261e+00,3.854577e+00,-1.397417e+00,-3.095515e+00,-5.097318e+00,-9.014146e+00,7.353505e-02,5.318828e-02,0,0,-3.652781e-06,-7.149223e-01,-4.948371e-01,2.899236e-01,5.432483e-01,-4.547699e-01,-9.130645e-02,8.463575e-01,7.403059e-01,6.812933e-01,1.285451e-01,-1.656210e-01,5.345960e-01,1.045633e-02,0,0
9.640979e-04,-1.203787e+01,3.036406e+00,-3.600760e+00,5.690157e+00,9.619993e+00,8.075456e+00,4.433813e+00,-6.294927e-01,-3.935865e+00,-6.650532e+00,-9.653363e+00,1.934931e-01,6.829858e-02,0,0,-3.554503e-06,-5.000879e-01,-2.111692e-01,2.340535e-01,-2.101692e-01,-9.005907e-01,-7.426976e-01,-3.116503e-01,3.202716e-01,-3.840378e-01,-3.063521e-01,4.905419e-01,-4.391152e-01,1.308552e-02,0,0
9.558341e-04,-1.233609e+01,3.392372e+00,-2.535069e+00,4.313468e+00,8.298165e+00,4.870779e+00,2.157646e+00,-1.425276e+00,-5.016374e+00,-6.037620e+00,-8.473865e+00,5.017916e-03,7.827138e-02,0,0,-5.667610e-06,-4.603434e-01,1.607699e-01,1.656887e-01,-5.969364e-01,-1.260685e+00,-1.083272e+00,-1.083271e+00,3.039225e-01,-3.248232e-01,-3.659036e-01,1.150718e+00,-1.408622e+00,1.459655e-02,0,0
9.623758e-04,-1.273597e+01,3.444370e+00,-2.889847e+00,3.194037e+00,6.158924e+00,5.541412e+00,1.039362e+00,-3.990196e-01,-5.346703e+00,-7.841446e+00,-5.989488e+00,-3.174477e+00,9.640375e-02,0,0,-6.633677e-06,-5.362654e-01,2.139950e-01,1.654073e-01,-1.953752e-01,-1.308125e+00,-7.003456e-01,-7.874540e-01,1.988846e-01,-3.107357e-03,3.976635e-01,1.322871e+00,-1.758567e+00,1.184648e-02,0,0
9.441388e-04,-1.356633e+01,4.151673e+00,-2.608548e+00,3.533331e+00,4.964082e+00,4.022923e+00,1.354454e-01,6.959478e-03,-4.014213e+00,-6.331379e+00,-5.092493e+00,-5.285590e+00,1.121185e-01,0,0,-8.830318e-06,-6.330291e-01,1.311168e-01,1.062929e-01,4.211114e-01,-8.164959e-01,-6.095319e-02,2.706863e-01,3.620525e-01,5.987619e-01,9.937771e-01,1.100326e+00,-1.099685e+00,6.950729e-04,0,0
9.367771e-04,-1.410408e+01,3.726730e+00,-2.736984e+00,5.103350e+00,4.746408e+00,4.997655e+00,1.507643e+00,-3.511874e-01,-4.452483e+00,-4.515335e+00,-4.729693e+00,-5.954039e+00,1.106074e-01,0,0,-5.406863e-06,-6.451529e-01,2.487412e-02,5.401884e-01,6.858541e-01,-3.794474e-01,2.464124e-01,5.589306e-01,1.442152e-03,9.310818e-01,1.634531e+00,1.034881e+00,2.361018e-01,-1.686310e-02,0,0
9.244818e-04,-1.481718e+01,3.906776e+00,-2.080036e+00,5.464368e+00,4.921944e+00,4.837891e+00,3.276937e+00,3.610706e-01,-2.469674e+00,-2.731790e+00,-3.602134e+00,-4.103625e+00,7.464491e-02,0,0,5.139370e-06,-6.031107e-01,8.566956e-02,9.091831e-01,5.827866e-01,-1.544065e-01,9.085318e-01,6.143359e-01,1.369695e-01,1.253928e+00,1.248530e+00,1.117656e+00,8.634100e-01,-2.955576e-02,0,0
9.451700e-04,-1.533631e+01,3.691189e+00,-4.531604e-01,5.657789e+00,4.282756e+00,6.365990e+00,2.263269e+00,-5.688644e-01,-1.463563e+00,-1.468585e+00,-1.560261e+00,-2.584951e+00,3.082502e-02,0,0,1.078188e-05,-5.784856e-01,1.502704e-01,9.462005e-01,2.682056e-01,-1.781329e-01,9.876310e-01,3.834919e-01,5.596832e-01,1.422481e+00,7.103976e-01,9.136486e-01,1.162588e+00,-2.505288e-02,0,0
9.656392e-04,-1.596577e+01,4.597791e+00,7.954559e-01,6.170044e+00,4.423875e+00,7.881414e+00,2.829312e+00,8.006456e-01,7.609675e-01,-1.612104e+00,-1.088929e+00,-2.653084e+00,4.230885e-03,0,0,8.037046e-06,-4.670303e-01,-1.215776e-01,2.893222e-01,-1.078516e-01,-2.868887e-01,9.675785e-01,7.485310e-01,1.099719e+00,9.780824e-01,2.571681e-01,5.119493e-01,8.553389e-01,-2.840737e-03,0,0
9.701078e-04,-1.642221e+01,4.132575e+00,5.562723e-01,6.091539e+00,4.104778e+00,8.414049e+00,3.648916e+00,2.227441e+00,1.044601e+00,-1.523190e+00,-1.418052e+00,-8.663691e-01,2.055001e-02,0,0,-3.322487e-06,-3.412619e-01,-5.585845e-01,-6.362213e-01,-5.335792e-01,-4.898399e-01,2.118590e-01,1.127525e+00,1.551805e+00,4.685313e-01,-4.077858e-02,2.828045e-01,5.461439e-01,2.281656e-02,0,0
9.521982e-04,-1.660938e+01,3.078196e+00,-1.138141e+00,4.708235e+00,3.576490e+00,8.651754e+00,6.326769e+00,4.461514e+00,1.166656e+00,-1.418648e+00,-1.113492e+00,-6.862214e-01,6.557873e-02,0,0,-1.226667e-05,-6.804390e-02,-7.892497e-01,-1.023103e+00,-6.857697e-01,-6.335622e-01,-2.009199e-01,4.513890e-01,9.599184e-01,5.774460e-02,1.912593e-01,4.701030e-01,-3.753188e-02,3.330311e-02,0,0
9.352781e-04,-1.672081e+01,1.658064e+00,-2.667469e+00,3.720797e+00,2.257250e+00,7.040115e+00,6.152164e+00,5.359726e+00,6.762497e-01,-1.769206e+00,-1.339569e-01,-8.376623e-01,1.142339e-01,0,0,-5.453540e-06,6.531391e-02,-4.772272e-01,-7.642797e-01,-4.071843e-01,-3.020155e-01,-5.135585e-01,-5.638760e-01,5.962009e-02,1.749985e-01,8.358473e-01,6.649611e-01,-7.703187e-01,2.015715e-02,0,0
9.217207e-04,-1.615669e+01,1.888798e+00,-2.708189e+00,3.926567e+00,2.179828e+00,7.563782e+00,3.834632e+00,4.034095e+00,1.233866e+00,-5.327996e-01,6.195381e-01,-2.855097e+00,1.239045e-01,0,0,7.096597e-06,5.877457e-02,-2.857751e-02,-1.389633e-01,-5.474484e-02,1.451800e-01,-7.744313e-01,-1.592801e+00,-6.362289e-01,4.931614e-01,1.449709e+00,3.092324e-01,-6.634380e-01,1.420367e-03,0,0
9.580788e-04,-1.632199e+01,2.341137e+00,-2.480103e+00,4.446452e+00,3.293031e+00,6.390243e+00,2.075604e+00,2.739251e+00,1.885988e+00,2.213123e+00,1.040238e+00,-3.633525e+00,9.217286e-02,0,0,1.667920e-05,-1.564234e-01,2.282852e-01,1.630840e-01,-1.931724e-01,3.615724e-01,-1.094455e+00,-1.260520e+00,-8.137525e-01,5.813750e-01,1.678374e+00,-3.488229e-01,-3.533042e-01,-5.741931e-04,0,0
9.762808e-04,-1.651492e+01,2.593772e+00,-1.926641e+00,4.071683e+00,3.784499e+00,5.104534e+00,4.010430e-01,2.590607e+00,3.027594e+00,3.838734e+00,-1.544277e-01,-2.605480e+00,8.371109e-02,0,0,1.519651e-05,-3.922806e-01,-1.702302e-02,7.048330e-02,-6.607636e-01,-3.450329e-01,-1.326248e+00,-4.893575e-01,-5.721477e-01,3.227360e-01,7.741807e-01,-7.480847e-01,1.053100e-01,1.922031e-02,0,0
9.913940e-04,-1.732381e+01,2.447003e+00,-2.242823e+00,2.682377e+00,3.262776e+00,2.797462e+00,1.566357e+00,2.012707e+00,2.686261e+00,4.436897e+00,-1.491089e+00,-2.728992e+00,1.314597e-01,0,0,4.207098e-06,-3.445541e-01,-1.664367e-01,-1.204896e-03,-9.208895e-01,-1.162321e+00,-5.958117e-01,2.732575e-01,-5.101930e-01,-1.932251e-01,-2.999420e-01,-4.380918e-01,1.011696e-01,4.013297e-02,0,0
9.810457e-04,-1.761718e+01,1.750750e+00,-2.474412e+00,1.504786e+00,4.697908e-01,2.728932e+00,1.642468e+00,1.536628e+00,2.447410e+00,2.226217e+00,-1.855222e+00,-2.780813e+00,2.003626e-01,0,0,1.158833e-06,-1.264885e-01,-2.435779e-01,-1.757386e-02,-7.060091e-01,-1.389857e+00,2.121588e-01,6.844761e-01,-5.806373e-01,-7.014269e-01,-1.137085e+00,4.454532e-01,8.017676e-02,3.164098e-02,0,0
9.767319e-04,-1.749363e+01,1.930464e+00,-2.212241e+00,1.125453e+00,-8.612218e-01,4.598986e+00,2.821179e+00,7.152749e-01,1.209955e+00,1.519671e+00,-2.998237e-01,-3.040010e+00,2.345119e-01,0,0,9.137322e-07,7.821503e-02,-7.295886e-02,2.450039e-02,-1.368770e-01,-5.722202e-01,8.983200e-01,2.570274e-01,-5.098294e-01,-1.030282e+00,-1.161956e+00,1.378576e+00,5.148166e-01,-4.805078e-03,0,0
9.894060e-04,-1.706246e+01,1.634152e+00,-2.029801e+00,1.320100e+00,-1.102786e+00,5.264566e+00,3.196012e+00,3.361361e-01,2.586125e-01,-3.880762e-01,1.477206e+00,-2.049087e+00,1.903898e-01,0,0,1.579220e-06,9.100399e-02,-8.750832e-03,-8.541761e-02,8.175977e-02,8.528261e-02,5.716971e-01,3.018317e-02,-5.649902e-01,-1.247153e+00,-4.539584e-01,1.766690e+00,1.006577e+00,-4.418253e-02,0,0
9.917825e-04,-1.721010e+01,2.140508e+00,-2.342626e+00,2.090335e+00,1.187964e+00,6.021245e+00,2.074722e+00,6.380630e-02,-1.370748e+00,-6.573796e-02,3.735579e+00,-5.207723e-01,1.124207e-01,0,0,-7.846626e-07,3.481712e-02,-1.697645e-01,-2.490020e-01,4.264373e-02,3.435412e-01,1.625344e-01,-3.885969e-01,-4.677574e-01,-9.502486e-01,2.758508e-01,1.732882e+00,1.158951e+00,-6.013901e-02,0,0
9.814164e-04,-1.730392e+01,1.601974e+00,-2.836308e+00,1.431144e+00,-1.283889e-01,4.876288e+00,2.166613e+00,-9.625887e-01,-2.498004e+00,7.491295e-01,4.960525e+00,9.924529e-01,4.049562e-02,0,0,5.327438e-05,7.396752e-01,-7.814748e-01,-8.523349e-01,-4.250453e-01,4.521691e-01,1.415723e-01,-2.814280e-01,-4.139822e-01,-6.059469e-01,5.160886e-01,4.064569e-01,5.761725e-01,-4.620731e-02,0,4.326218e-02
9.768034e-04,-1.719881e+01,1.097731e+00,-3.053998e+00,1.283149e+00,3.692857e-01,5.605797e+00,1.392894e+00,-9.741496e-01,-2.162980e+00,2.330322e+00,6.622927e+00,1.233976e+00,8.763977e-03,0,0,1.408689e-04,1.847216e+00,-1.561748e+00,-1.952451e+00,-1.077020e+00,1.374120e+00,7.658127e-01,-1.409752e-01,-2.682651e-01,1.979028e-01,-2.990751e-01,-1.756376e+00,-3.638834e-01,-2.082200e-02,0,1.112234e-01
1.263267e-03,-1.336973e+01,-1.751834e+00,-5.935790e+00,-4.015337e-01,1.567399e+00,6.180152e+00,2.129786e+00,-1.214797e+00,-2.375006e+00,9.943365e-01,2.065816e+00,-4.559906e-02,1.118163e-02,0,2.163109e-01,1.732094e-04,2.337418e+00,-1.704031e+00,-2.830494e+00,-1.273031e+00,2.142004e+00,1.117867e+00,1.476400e-01,1.880501e-01,7.678227e-01,-8.732934e-01,-3.312127e+00,-6.872973e-01,4.623754e-03,0,1.343885e-01
1.555201e-03,-9.941119e+00,-3.991329e+00,-1.055514e+01,-2.378424e+00,7.210667e+00,9.198377e+00,1.388259e+00,-1.151415e+00,-4.427333e-01,-1.683717e+00,-3.598944e+00,-1.821164e+00,2.296766e-02,0,4.479617e-01,8.606948e-05,1.288549e+00,-7.650620e-01,-2.228848e+00,-7.530769e-01,1.536772e+00,4.304867e-01,5.141121e-01,1.931569e-01,1.138515e+00,-6.342751e-01,-3.010037e+00,-3.834186e-01,2.073134e-02,0,6.949522e-02
1.558264e-03,-9.245677e+00,-4.373650e+00,-1.323820e+01,-3.103225e+00,7.160943e+00,8.669332e+00,2.907130e+00,6.629431e-02,4.809861e-01,-1.610318e+00,-6.489173e+00,-9.164637e-01,5.651255e-02,0,4.479617e-01,-8.561581e-05,-9.240314e-01,8.014714e-01,1.011341e-01,6.762818e-01,-2.420310e-01,-6.955527e-01,4.926686e-01,4.519015e-02,8.198711e-01,4.093970e-01,-4.908858e-01,3.423247e-01,2.843760e-02,0,-6.489328e-02
1.259652e-03,-1.281809e+01,-1.416671e+00,-1.054703e+01,-1.131390e+00,5.256372e+00,6.513641e+00,3.574783e+00,-6.489107e-01,2.101601e+00,4.612738e-01,-4.149762e+00,-2.476842e-01,8.975521e-02,0,2.316507e-01,-1.734001e-04,-2.311135e+00,1.594001e+00,2.465492e+00,1.480568e+00,-2.310114e+00,-1.961889e+00,2.735319e-01,-4.878272e-02,3.539586e-01,9.269999e-01,1.318429e+00,7.899311e-01,3.306135e-02,0,-1.343885e-01
9.829630e-04,-1.655140e+01,9.681938e-01,-5.434174e+00,2.356358e+00,1.334391e+00,4.044757e+00,3.499868e+00,-1.240098e+00,4.521829e-01,1.968826e+00,-1.132041e-01,8.792848e-01,1.199758e-01,0,0,-1.434156e-04,-2.255426e+00,1.441643e+00,3.342831e+00,1.394266e+00,-2.533091e+00,-1.749169e+00,-1.830878e-01,2.486105e-01,-2.761647e-02,2.133797e-01,1.519567e+00,8.416473e-01,3.031127e-02,0,-1.127574e-01
9.758514e-04,-1.784393e+01,1.307755e+00,-2.129700e+00,2.294626e+00,-1.426629e+00,1.701218e+00,2.459550e+00,-7.421321e-01,1.341462e+00,1.161710e+00,-1.947838e-01,1.230618e+00,1.565428e-01,0,0,-5.681757e-05,-1.138549e+00,6.877511e-01,2.402364e+00,4.873872e-01,-1.844842e+00,-1.180528e+00,-2.068545e-01,1.193935e+00,3.773040e-02,-6.069705e-01,6.775317e-01,1.099632e+00,1.937141e-02,0,-4.633015e-02
9.830870e-04,-1.800988e+01,1.472352e+00,-7.327135e-01,2.155095e+00,-2.163013e+00,2.329697e+00,2.549308e+00,1.355957e+00,7.229733e-01,-8.936379e-01,-8.688293e-01,2.552622e+00,1.746751e-01,0,0,-3.440404e-06,-2.024475e-01,2.929395e-01,8.197122e-01,-1.597125e-01,-4.298232e-01,-1.961943e-01,-1.037913e-01,1.466862e+00,1.562024e-01,-7.413095e-01,1.340865e-01,6.806488e-01,2.870958e-03,0,0
9.755025e-04,-1.778159e+01,1.770005e+00,-8.859442e-01,1.406177e+00,-2.219134e+00,1.468531e+00,3.015790e+00,4.022737e+00,2.154857e+00,-1.142347e+00,-3.842908e-01,4.413809e+00,1.592626e-01,0,0,-5.313778e-08,1.107006e-01,1.458127e-01,-3.824516e-01,-2.768639e-01,2.774091e-01,1.647195e-01,-7.780516e-02,1.445056e+00,8.163936e-02,1.612130e-01,5.248708e-01,2.323110e-01,-3.807797e-03,0,0
9.659355e-04,-1.759481e+01,2.201766e+00,-1.957491e+00,2.002020e+00,-4.184722e-01,3.180129e+00,2.702791e+00,3.711780e+00,8.264968e-01,-5.856926e-01,6.519818e-01,2.690933e+00,1.329707e-01,0,0,2.707407e-06,6.147957e-02,3.240440e-02,-9.007345e-01,-3.749807e-01,3.726324e-01,6.231624e-02,-3.648892e-01,6.673797e-01,3.315650e-01,1.183621e+00,6.177232e-01,-2.755438e-01,2.689633e-03,0,0
9.841615e-04,-1.749796e+01,1.672111e+00,-3.429569e+00,9.868442e-01,-9.118534e-01,2.099600e+00,1.993782e+00,5.305236e+00,1.697897e+00,1.813802e+00,1.669164e+00,2.323017e+00,1.583560e-01,0,0,9.273523e-06,-6.312923e-02,-1.696442e-02,-7.282880e-01,-2.559332e-01,3.970529e-01,3.357831e-01,-4.623332e-01,-1.102304e-02,4.215596e-01,1.222841e+00,1.649713e-01,-1.036285e-01,6.346329e-03,0,0
9.922945e-04,-1.784430e+01,1.683321e+00,-3.964574e+00,4.898583e-01,-9.534910e-01,2.325744e+00,1.235865e+00,4.051607e+00,2.609278e+00,3.546393e+00,1.193059e+00,2.220299e+00,1.885766e-01,0,0,7.455424e-06,-8.263016e-02,1.989601e-01,-5.683870e-02,-3.785689e-01,2.068061e-01,4.474519e-01,-1.200343e-01,-2.882792e-01,7.372431e-01,5.470304e-01,-1.257865e-01,5.534951e-01,-1.015412e-02,0,0
1.008691e-03,-1.797249e+01,1.944406e+00,-3.523843e+00,8.825921e-01,3.363959e-02,3.574639e+00,1.437586e+00,3.797708e+00,3.371264e+00,2.905816e+00,1.700270e-01,4.130984e+00,1.631913e-01,0,0,2.322509e-06,1.186581e-02,3.163334e-01,5.876552e-01,1.156082e-01,4.013998e-01,1.119608e+00,3.551026e-01,-3.443024e-01,4.172448e-01,-2.240167e-01,-1.552462e-01,1.814092e-01,-3.831973e-02,0,0
9.909481e-04,-1.777070e+01,3.060419e+00,-2.194548e+00,1.613012e-01,1.428117e-01,4.679869e+00,2.380718e+00,3.024148e+00,3.676028e+00,1.603452e+00,7.726178e-01,4.554425e+00,7.978242e-02,0,0,-1.629267e-06,1.218304e-01,2.878610e-01,8.570877e-01,4.004565e-01,1.716109e-01,8.290884e-01,1.869199e-01,-2.976077e-02,5.942793e-02,-9.426723e-02,3.152266e-01,-6.307990e-01,-5.143548e-02,0,0
9.964473e-04,-1.747544e+01,2.565228e+00,-1.376305e+00,1.729164e+00,5.469941e-01,6.520578e+00,3.196870e+00,4.097454e+00,3.250746e+00,1.665189e+00,1.103154e+00,2.062999e+00,2.115443e-02,0,0,9.539538e-07,1.338089e-01,7.657766e-03,6.531178e-01,8.432914e-01,2.412334e-02,4.379110e-01,-2.580741e-01,-1.448450e-01,-3.470733e-01,3.626100e-01,1.354201e-01,-1.389016e+00,-3.819885e-02,0,0
9.902698e-04,-1.748367e+01,2.812214e+00,-7.529037e-01,2.068855e+00,-3.521137e-01,4.998216e+00,1.290823e+00,3.752930e+00,2.966677e+00,3.695370e+00,2.302629e+00,1.002961e-01,2.417649e-03,0,0,5.340413e-06,6.849327e-02,-2.143460e-01,1.419176e-01,7.445269e-01,6.804035e-02,-9.532256e-02,-9.183816e-01,-6.707283e-01,-7.818435e-01,1.242500e-01,-3.782414e-01,-1.112012e+00,-9.851919e-03,0,0
1.013799e-03,-1.744696e+01,2.106797e+00,-9.790759e-01,4.145272e+00,4.017189e-01,5.605020e+00,6.921628e-01,2.709092e+00,1.990573e+00,3.672907e+00,8.212193e-02,-5.870327e-01,1.087942e-02,0,0,2.333196e-06,8.224869e-03,-1.083274e-01,-8.342075e-02,4.392166e-01,4.192248e-01,-6.354222e-02,-7.396884e-01,-1.220647e+00,-1.237937e+00,-8.002006e-01,-9.190575e-01,-3.993405e-01,1.378060e-02,0,0
1.008974e-03,-1.744247e+01,2.217905e+00,-1.683575e+00,2.675881e+00,5.556511e-01,4.661036e+00,-9.588370e-01,3.646871e-01,3.968969e-01,1.220844e+00,-6.080729e-01,3.193809e-01,3.566032e-02,0,0,-3.578072e-06,1.763534e-03,7.782018e-02,-1.730159e-01,-2.622812e-02,7.710528e-01,6.238882e-01,-5.481135e-02,-1.102915e+00,-1.286949e+00,-1.116494e+00,-6.769441e-01,1.085569e-01,2.704745e-02,0,0
9.987612e-04,-1.745491e+01,2.320746e+00,-1.328074e+00,3.621733e+00,2.189236e+00,6.371458e+00,6.232579e-01,-3.116596e-01,-1.654048e+00,-1.098550e+00,-2.036783e+00,-4.324500e-02,7.343608e-02,0,0,-8.222601e-06,-6.372719e-02,4.070309e-01,-1.480603e-01,-4.589213e-01,8.505234e-01,6.182973e-01,3.279510e-01,-2.216965e-01,-6.569600e-01,-1.896513e-01,4.142837e-02,-3.677323e-02,2.363252e-02,0,0
9.798986e-04,-1.747088e+01,3.094341e+00,-1.443484e+00,2.199484e+00,2.609392e+00,7.734438e+00,1.051219e+00,-2.512699e-01,-1.645756e+00,4.986310e-01,-2.263975e-02,3.711866e-01,1.063766e-01,0,0,-2.988637e-06,-1.587791e-01,4.123995e-01,-3.426971e-01,-6.374890e-01,5.949384e-01,1.951021e-01,4.597856e-01,7.043668e-01,2.580904e-01,9.295313e-01,4.096397e-01,2.473991e-01,1.181626e-02,0,0
9.872242e-04,-1.775139e+01,3.703734e+00,-1.839423e+00,2.088865e+00,3.627465e+00,7.159805e+00,1.326890e+00,1.908588e+00,-2.729000e-01,3.085756e+00,-3.452798e-03,-7.968017e-01,9.368390e-02,0,0,5.405001e-06,-2.941376e-01,1.336217e-01,-6.345279e-01,-7.041352e-01,1.517367e-01,-1.003187e+00,1.083751e-01,1.065709e+00,1.144659e+00,8.409565e-01,3.844139e-01,5.289422e-01,2.175885e-03,0,0
9.997993e-04,-1.808813e+01,3.588408e+00,-3.141386e+00,2.548707e-01,2.811228e+00,5.242372e+00,9.882755e-01,2.776397e+00,9.967750e-01,3.776346e+00,4.234609e-01,1.933155e+00,8.461770e-02,0,0,1.323607e-05,-3.632130e-01,-1.256747e-01,-6.181453e-01,-1.915836e-01,-2.829317e-01,-1.746720e+00,-2.247373e-02,5.733401e-01,8.927924e-01,-1.797463e-01,-1.468982e-01,8.724349e-01,3.717133e-03,0,0
1.015836e-03,-1.861698e+01,2.741821e+00,-3.651762e+00,1.073364e+00,2.847001e+00,2.601554e+00,1.196605e+00,3.503051e+00,2.747983e+00,1.467374e+00,-3.377633e-01,1.820482e+00,9.519493e-02,0,0,9.457918e-06,-2.101931e-01,-1.687066e-01,-2.365558e-01,2.427541e-01,-8.949383e-01,-1.736731e+00,-2.467352e-01,-4.065839e-01,4.838912e-01,-5.873702e-01,-1.172881e-01,7.085368e-01,6.255665e-03,0,0
1.031773e-03,-1.885415e+01,2.946923e+00,-3.628041e+00,1.749316e+00,1.584965e+00,1.279965e+00,1.003992e+00,1.818199e+00,1.307764e+00,4.090903e-01,-5.899752e-01,3.424719e+00,1.242067e-01,0,0,-1.140265e-06,1.409912e-02,-1.024031e-01,-2.693491e-02,6.812021e-01,-8.844997e-01,-9.370626e-01,-4.404513e-01,-7.732015e-01,4.019276e-01,-1.496229e-01,1.288282e-01,1.537174e-01,-4.684194e-03,0,0
1.018527e-03,-1.841934e+01,3.180943e+00,-2.778874e+00,2.555412e+00,-2.340951e-01,4.573548e-01,8.535483e-02,3.547677e-01,1.991061e+00,1.832533e+00,-8.317521e-02,2.000100e+00,1.051677e-01,0,0,-1.540524e-05,1.186403e-01,-1.612786e-01,-7.997368e-02,3.792411e-01,-5.676219e-01,3.728377e-01,-5.289431e-02,-6.545657e-02,7.938687e-01,4.921426e-01,1.062258e+00,3.248887e-01,-2.269568e-02,0,0
9.927525e-04,-1.811645e+01,2.856832e+00,-3.712505e+00,2.919857e+00,-7.072207e-02,1.629159e+00,-6.583559e-01,4.845320e-01,3.384874e+00,2.845652e+00,9.403077e-01,2.611933e+00,5.621034e-02,0,0,-1.999718e-05,-1.990356e-02,-3.697569e-01,-3.093721e-01,8.745203e-02,3.478731e-01,1.133857e+00,7.691511e-01,1.761092e+00,1.731925e+00,3.473852e-01,1.648496e+00,5.083309e-01,-3.058326e-02,0,0
9.583199e-04,-1.839263e+01,1.980474e+00,-4.009399e+00,2.384299e+00,8.367352e-01,4.291145e+00,1.763308e+00,3.842602e+00,5.678772e+00,2.709806e+00,4.208384e+00,3.851318e+00,1.571472e-02,0,0,-1.549450e-05,-2.087282e-01,-1.636487e-01,9.150348e-02,-8.526905e-02,8.084849e-01,1.192979e+00,1.318871e+00,2.315025e+00,1.504881e+00,1.284628e-01,1.656823e+00,7.955696e-01,-2.009671e-02,0,0
9.618907e-04,-1.896703e+01,1.698373e+00,-4.559639e+00,2.272133e+00,2.788916e+00,5.032357e+00,4.010771e+00,8.879741e+00,8.123532e+00,1.707380e+00,5.506727e+00,5.040765e+00,1.601692e-02,0,0,-8.012110e-06,-8.242416e-02,2.823202e-01,8.644857e-01,-1.516293e-01,3.811254e-01,5.767964e-01,9.922182e-01,1.282930e+00,7.704997e-01,6.769719e-02,6.085023e-01,1.996257e-01,-3.505590e-03,0,0
9.564852e-04,-1.903769e+01,2.941929e+00,-1.897789e+00,2.452929e+00,2.378510e+00,4.720652e+00,4.345148e+00,7.732288e+00,7.146139e+00,3.043983e+00,5.917728e+00,4.763532e+00,2.478090e-02,0,0,-1.580222e-06,1.542366e-01,5.367944e-01,1.079604e+00,-7.285686e-02,-4.542227e-01,-4.628849e-02,-1.049176e-01,-8.302585e-01,-2.861759e-01,3.814569e-01,-5.744153e-01,-2.894123e-01,3.142944e-03,0,0
9.536093e-04,-1.820603e+01,3.787705e+00,-4.458807e-01,2.127395e+00,1.064017e+00,4.298388e+00,3.011815e+00,4.954339e+00,6.503689e+00,3.017050e+00,3.128147e+00,3.153954e+00,3.414929e-02,0,0,-6.231188e-07,2.784638e-01,1.630282e-01,5.833022e-01,-2.646113e-01,-1.005549e+00,-1.996419e-01,-2.921016e-01,-1.585565e+00,-1.231941e+00,1.727405e-01,-1.475378e+00,-5.659319e-01,-1.329707e-03,0,0
9.545595e-04,-1.800194e+01,3.619780e+00,-6.682580e-01,2.092383e+00,-5.719291e-01,4.426688e+00,1.738198e+00,1.654010e+00,5.057814e+00,3.962256e+00,2.525597e+00,3.347662e+00,2.236325e-02,0,0,2.550031e-06,1.528234e-01,-4.185929e-01,-4.261289e-01,-4.341833e-01,-7.578089e-01,-4.500234e-01,-6.961336e-02,-5.695441e-01,-1.300578e+00,-3.095970e-01,-1.544894e+00,9.404004e-02,-7.313388e-03,0,0
9.597380e-04,-1.809258e+01,2.174588e+00,-2.257894e+00,1.129350e+00,-7.636084e-01,4.181129e+00,3.853739e+00,3.991056e+00,3.007988e+00,2.111946e+00,-1.740992e-01,2.919041e+00,1.057721e-02,0,0,5.690777e-06,-6.909599e-02,-6.169890e-01,-7.221465e-01,-5.261138e-01,-7.598011e-02,-7.616754e-01,3.603801e-01,8.088135e-01,-9.510823e-01,-9.880521e-02,-6.705680e-01,7.881383e-01,-8.945301e-03,0,0
9.661710e-04,-1.833030e+01,1.655523e+00,-3.122427e+00,7.810356e-01,-4.967214e-01,2.529164e+00,3.576120e+00,5.366209e+00,2.391101e+00,1.948550e+00,-1.556201e-01,5.351189e+00,0,0,0,8.021260e-06,-1.292122e-01,-2.388932e-01,-3.532706e-01,-2.811714e-01,6.296762e-01,-7.848679e-01,-2.588181e-01,6.670251e-01,-4.903193e-01,2.376047e-01,3.570675e-01,1.243203e+00,-2.991841e-03,0,0
9.762574e-04,-1.838733e+01,1.684889e+00,-2.829529e+00,1.525001e-01,6.465127e-01,1.438773e+00,3.894755e+00,7.142307e+00,3.081634e+00,3.529876e+00,1.115916e+00,6.092882e+00,6.044122e-04,0,0,6.707606e-06,-6.640510e-02,1.099456e-01,5.643821e-03,2.852087e-01,9.046790e-01,-2.968536e-01,-1.076625e+00,-7.387972e-01,-3.203468e-01,7.907894e-01,1.830464e+00,1.354564e+00,8.310668e-03,0,0
9.864061e-04,-1.850063e+01,2.670163e+00,-2.148794e+00,1.174951e+00,1.871391e+00,1.873527e+00,4.235989e-01,3.413511e+00,2.569395e+00,4.441314e+00,3.665928e+00,7.976757e+00,1.239045e-02,0,0,5.258306e-07,5.275974e-02,1.118969e-01,-7.442703e-02,4.351859e-01,7.998137e-01,8.976963e-01,-7.738025e-01,-1.641991e+00,-8.905568e-01,3.723188e-01,1.818205e+00,6.369607e-01,1.946207e-02,0,0
9.831585e-04,-1.833945e+01,2.216996e+00,-2.716491e+00,2.358435e+00,2.575731e+00,3.024680e+00,4.687216e-02,1.273419e+00,1.317107e+00,4.819511e+00,7.067448e+00,8.379079e+00,4.593533e-02,0,0,-6.280566e-06,1.080158e-01,-1.597184e-01,-5.151333e-01,1.221495e-01,3.920122e-01,1.602293e+00,1.866186e-01,-1.316433e+00,-5.965930e-01,-2.840221e-01,1.095731e+00,-3.665698e-01,1.940163e-02,0,0
9.653497e-04,-1.809044e+01,1.948953e+00,-3.551081e+00,1.853998e+00,2.537738e+00,6.224692e+00,1.631049e+00,9.069506e-02,-1.179420e+00,3.165327e+00,5.959637e+00,7.392894e+00,7.464491e-02,0,0,-5.188421e-06,-9.681893e-03,-2.714196e-01,-6.487088e-01,-4.331153e-01,5.885227e-02,1.757565e+00,1.702460e+00,2.410116e-01,-1.076204e-01,-9.455544e-01,-3.583007e-01,-1.580666e+00,6.165005e-03,0,0
9.553828e-04,-1.805234e+01,1.246902e+00,-4.704051e+00,4.237240e-01,2.273400e+00,7.274654e+00,4.224123e+00,2.221550e+00,1.973076e+00,2.747760e+00,5.447716e+00,4.551964e+00,6.648535e-02,0,0,-1.143466e-06,-1.692343e-01,6.324136e-02,-1.070595e-01,-6.198415e-01,2.027633e-02,1.081337e+00,1.273407e+00,6.310710e-01,6.408175e-01,-1.314891e+00,-1.002282e+00,-1.837800e+00,-1.251133e-02,0,0
9.743518e-04,-1.869259e+01,1.798113e+00,-4.398558e+00,-2.327017e-02,2.316818e+00,8.536363e+00,6.847270e+00,4.144503e+00,1.703308e+00,7.494175e-01,2.684290e+00,1.986986e+00,3.294047e-02,0,0,5.226449e-06,-2.896740e-01,1.907973e-01,3.297959e-01,-4.424710e-01,-2.015598e-01,1.230713e-01,3.966021e-01,4.422426e-01,4.715097e-01,-1.099419e+00,-5.662314e-01,-9.150627e-01,-1.970384e-02,0,0
9.729401e-04,-1.888455e+01,2.608623e+00,-2.828050e+00,1.978620e-01,2.787573e+00,7.275532e+00,3.805796e+00,2.401870e+00,3.079831e+00,-5.469871e-01,3.693713e+00,1.893033e+00,4.230885e-03,0,0,1.287152e-06,-1.726809e-01,1.974021e-01,5.560504e-01,-4.707935e-01,-3.840074e-01,-2.850684e-01,-4.773983e-01,-2.742311e-01,2.925216e-01,-2.094917e-01,-1.815187e-01,2.719459e-02,-4.684195e-03,0,0
9.827033e-04,-1.912271e+01,2.222079e+00,-2.840102e+00,-2.454265e-01,1.272853e+00,6.839610e+00,3.823223e+00,2.211748e+00,6.247513e-01,-6.843966e-01,4.005481e+00,4.147047e+00,7.252946e-03,0,0,-5.549169e-07,6.036339e-02,-1.864168e-01,3.834029e-01,-6.472386e-01,-7.724930e-01,-3.180396e-01,-5.257438e-01,-2.746704e-01,3.741473e-01,6.900131e-01,1.018228e-01,3.700039e-01,2.021759e-02,0,0
9.576429e-04,-1.870069e+01,2.021929e+00,-2.703028e+00,-1.819165e+00,8.753452e-01,6.697689e+00,3.349155e+00,1.816772e+00,3.974962e+00,2.417208e+00,3.879526e+00,3.607907e+00,5.590813e-02,0,0,-1.024979e-06,1.816433e-01,-2.676266e-01,2.124198e-01,-5.175340e-01,-5.889713e-01,3.894696e-01,4.581233e-01,1.986622e-01,3.144543e-01,1.010839e+00,-1.640497e-01,-1.996334e-02,3.505591e-02,0,0
9.792258e-04,-1.848270e+01,1.159376e+00,-2.544055e+00,-2.250949e+00,-5.895337e-01,7.235086e+00,4.446871e+00,3.063700e+00,3.126479e+00,2.717386e+00,3.100497e+00,2.979568e+00,1.081898e-01,0,0,-2.701557e-06,1.933163e-01,-1.788960e-01,3.444208e-01,3.202423e-01,-1.874356e-01,4.872433e-01,5.324338e-01,7.827827e-02,1.804842e-01,3.836673e-01,-1.797487e-01,-2.195271e-01,2.194016e-02,0,0
9.695539e-04,-1.829634e+01,1.801842e+00,-1.913975e+00,-1.387046e+00,7.739100e-01,9.025142e+00,5.784588e+00,2.969205e+00,3.401238e+00,2.806319e+00,3.325956e+00,2.376955e+00,1.290420e-01,0,0,-4.334812e-06,-3.173256e-03,1.430526e-01,5.368436e-01,1.304504e+00,4.892279e-01,2.790782e-01,3.154096e-01,-2.637293e-01,-5.333915e-01,-5.466850e-01,-2.522548e-01,-1.435935e-02,-8.461771e-03,0,0
9.632400e-04,-1.835831e+01,1.437643e+00,-1.512525e+00,1.139725e+00,3.863927e-01,8.112100e+00,5.267676e+00,2.026923e+00,1.814034e+00,1.039384e+00,3.383523e+00,3.664887e+00,8.038682e-02,0,0,-7.627800e-06,-1.123928e-01,2.657188e-01,5.972916e-01,1.620867e+00,9.967761e-01,-1.490739e-01,-4.374273e-01,-8.649629e-01,-5.009887e-01,-7.087945e-01,-3.775989e-01,4.611850e-02,-2.737987e-02,0,0
9.439617e-04,-1.877875e+01,2.598058e+00,-5.345747e-01,3.008017e+00,2.833522e+00,7.654573e+00,4.515801e+00,1.016514e+00,1.964227e+00,5.227836e-01,2.476740e+00,3.193451e+00,2.750076e-02,0,0,-2.245296e-06,-1.420933e-01,1.057249e-01,4.935551e-01,1.184793e+00,9.771447e-01,-4.868607e-01,-1.311400e+00,-9.822298e-01,-3.671321e-01,-9.110891e-01,-8.244814e-01,-1.604794e-01,-1.574494e-02,0,0
9.538829e-04,-1.880346e+01,2.089862e+00,-2.472963e-01,3.655856e+00,3.364541e+00,7.175001e+00,2.894128e+00,-2.847689e-01,1.340041e+00,3.151805e-01,1.637111e+00,2.801913e+00,2.206104e-02,0,0,6.330636e-06,-1.485729e-02,5.089214e-02,6.186268e-02,2.435850e-01,5.329800e-01,-2.841501e-01,-1.146523e+00,-6.005281e-01,2.058462e-01,-5.122837e-01,-1.481872e+00,-6.370225e-01,1.764884e-02,0,0
9.630059e-04,-1.878423e+01,2.004357e+00,-7.881352e-02,3.278854e+00,4.170559e+00,7.059388e+00,4.143613e-01,-7.860979e-01,1.802574e+00,-1.387024e+00,7.675520e-02,2.006045e+00,7.948021e-02,0,0,1.558303e-05,1.086460e-01,1.169383e-01,-3.297889e-01,-4.586528e-01,-5.901152e-01,-5.868599e-01,-6.457156e-01,2.395525e-01,5.044410e-01,3.150078e-02,-9.927124e-01,-2.358277e-01,3.617407e-02,0,0
9.853711e-04,-1.842986e+01,1.988954e+00,-1.431092e+00,2.222232e+00,2.382774e+00,6.988942e+00,1.585780e+00,-7.441139e-02,2.924092e+00,-5.671301e-01,-2.825843e+00,1.073477e+00,1.426413e-01,0,0,1.808069e-05,6.410217e-02,5.148543e-01,-5.164915e-01,-7.003116e-01,-1.111253e+00,-1.030149e+00,2.881714e-01,1.141781e+00,6.921304e-01,1.236546e+00,2.847662e-01,6.426081e-01,2.058024e-02,0,0
1.006133e-03,-1.842232e+01,3.233204e+00,-1.591621e+00,1.431565e+00,3.738293e-01,4.813303e+00,1.941397e+00,2.109098e+00,3.694407e+00,1.121443e+00,-2.553457e-01,2.878530e+00,1.480810e-01,0,0,1.279474e-05,-7.546635e-02,4.049812e-01,-5.539055e-01,-4.081437e-01,-6.826603e-01,-1.218338e+00,8.510185e-01,1.515576e+00,1.547796e-01,1.893813e+00,1.827932e+00,1.607450e+00,-1.535207e-02,0,0
1.022723e-03,-1.866390e+01,4.049710e+00,-2.073350e+00,1.077943e+00,-2.933583e-01,3.147300e+00,3.571467e+00,3.976537e+00,3.854777e+00,5.243675e+00,3.226992e+00,5.578711e+00,9.066183e-02,0,0,1.324341e-07,-3.584906e-01,-1.549859e-01,-3.658407e-01,-1.254901e-02,2.746337e-01,-8.588335e-01,5.156323e-01,1.104220e+00,1.939098e-01,1.827177e+00,2.051391e+00,1.714667e+00,-3.484436e-02,0,0
1.008304e-03,-1.904453e+01,2.998885e+00,-2.527212e+00,1.810280e+00,2.095324e+00,2.888518e+00,3.676610e+00,4.766309e+00,2.111130e+00,5.176636e+00,6.189996e+00,7.790678e+00,2.870958e-02,0,0,-1.198241e-05,-4.929136e-01,-7.902733e-01,-2.670999e-01,1.762920e-01,1.005131e+00,-9.290376e-02,2.768243e-01,4.880264e-01,3.016945e-01,9.738070e-01,6.266353e-01,3.429826e-01,-2.487156e-02,0,0
9.849478e-04,-1.991120e+01,1.331184e+00,-2.792500e+00,1.970129e+00,2.895195e+00,3.657167e+00,3.296335e+00,4.118084e+00,4.685279e+00,6.541161e+00,4.208442e+00,7.190739e+00,2.810517e-02,0,0,-1.381534e-05,-4.579704e-01,-7.852196e-01,1.579452e-01,3.114516e-01,8.103248e-01,1.096436e-01,-3.301204e-01,-2.298981e-01,3.336304e-01,1.273493e-01,-1.207722e-01,-7.902644e-01,-2.387429e-03,0,0
9.651083e-04,-2.026324e+01,6.411000e-01,-2.567546e+00,1.866933e+00,3.805207e+00,4.093851e+00,3.463085e+00,4.478456e+00,4.787629e+00,5.341735e+00,2.387106e+00,3.787429e+00,5.500151e-02,0,0,-3.362814e-06,-1.400171e-01,-1.227644e-01,5.968159e-01,4.740001e-01,2.614244e-01,-3.467268e-01,-6.064180e-01,-5.128114e-01,-7.159958e-02,3.366065e-02,-3.799731e-01,-1.644093e+00,5.741916e-03,0,0
9.752439e-04,-2.034440e+01,1.302505e+00,-1.263457e+00,2.606875e+00,2.903324e+00,3.092851e+00,2.027628e+00,2.970973e+00,4.184680e+00,5.797872e+00,4.524576e+00,3.629014e+00,6.557872e-02,0,0,9.240204e-06,1.858097e-01,4.031675e-01,8.499117e-01,9.773844e-01,8.097143e-02,-4.970459e-01,-6.672913e-01,-8.576118e-01,-1.228663e+00,-1.214004e-01,2.835665e-01,-1.031036e+00,-4.895738e-03,0,0
9.963416e-04,-1.952802e+01,2.399403e+00,-3.076536e-01,3.861908e+00,3.398381e+00,1.437042e+00,1.278874e+00,2.775808e+00,2.003432e+00,5.716583e+00,4.132063e+00,1.351075e+00,3.868238e-02,0,0,1.358828e-05,2.835360e-01,2.360080e-01,5.412745e-01,9.313731e-01,-1.332394e-01,2.234631e-01,1.234927e-01,-4.152624e-01,-1.078460e+00,-1.795244e-03,1.606101e-01,-3.189184e-01,-1.504986e-02,0,0
1.015532e-03,-1.934976e+01,2.467870e+00,3.271121e-01,5.859563e+00,3.503465e+00,2.500342e+00,1.051984e+00,6.813490e-01,-6.593567e-02,5.746735e+00,4.753796e+00,3.253738e+00,1.178604e-02,0,0,4.394760e-06,2.370174e-01,-1.632866e-01,1.315227e-02,4.509623e-01,1.657791e-02,1.116355e+00,8.583109e-01,3.666376e-01,-6.822881e-01,-6.918544e-01,-4.623028e-01,-2.777815e-01,-7.313387e-03,0,0
1.012906e-03,-1.934288e+01,1.238457e+00,-6.564580e-01,4.897454e+00,2.838939e+00,5.507421e+00,4.568370e+00,3.546956e+00,1.520639e+00,5.358328e+00,3.075547e+00,2.380475e+00,6.648534e-03,0,0,-7.197727e-06,1.000046e-01,-2.441452e-01,-3.098184e-01,-4.186186e-01,-1.060413e-01,1.508258e+00,1.124400e+00,8.947428e-01,1.276310e-01,-9.237255e-01,-2.882210e-01,-1.218531e-01,1.166516e-02,0,0
9.889357e-04,-1.925188e+01,1.066545e+00,-1.023293e+00,4.343914e+00,3.265935e+00,6.639435e+00,4.674434e+00,4.418587e+00,1.014635e+00,2.517728e+00,2.741321e+00,1.725406e+00,4.502871e-02,0,0,-1.496718e-05,1.608574e-01,1.646169e-01,-1.223012e-01,-9.704315e-01,-8.159928e-02,4.749517e-01,2.695725e-01,7.097107e-01,5.814446e-01,-8.793555e-01,-5.178397e-01,-4.891019e-01,2.206105e-02,0,0
9.736512e-04,-1.907694e+01,1.879340e+00,-1.181543e+00,2.526640e+00,2.986940e+00,6.908784e+00,5.089646e+00,5.380903e+00,2.101301e+00,2.712459e+00,3.697196e+00,1.505975e+00,8.038682e-02,0,0,-1.044193e-05,1.530287e-01,5.971667e-01,3.122924e-01,-9.238342e-01,-6.152308e-02,-4.907588e-01,-6.124639e-01,-6.455976e-01,2.668366e-01,-1.548581e-01,-8.215324e-02,9.791629e-02,1.205802e-02,0,0
9.603235e-04,-1.867845e+01,2.970513e+00,-2.185134e-02,2.192813e+00,3.021468e+00,4.174418e+00,2.139208e+00,3.312929e+00,2.550956e+00,2.672891e+00,1.853773e+00,1.245479e+00,8.522212e-02,0,0,1.176214e-06,1.272858e-01,5.431565e-01,6.434363e-01,-5.198054e-01,-4.134965e-01,-9.126789e-01,-6.270661e-01,-1.205857e+00,1.754017e-01,3.885533e-01,-1.148699e-01,3.911606e-01,-6.376550e-03,0,0
9.750021e-04,-1.886445e+01,3.272306e+00,4.042830e-01,1.353833e+00,2.653557e+00,4.286135e+00,2.773664e+00,8.717967e-01,2.086661e+00,4.506456e+00,3.108555e+00,3.110020e+00,4.684195e-02,0,0,9.105623e-06,1.031853e-01,1.715454e-01,4.282960e-01,5.596220e-02,-2.532693e-01,-6.146191e-01,-1.104676e-01,-1.222171e+00,-2.610028e-01,5.673539e-01,8.592485e-02,3.583239e-01,-1.387126e-02,0,0
9.941413e-04,-1.872170e+01,3.085844e+00,1.400975e+00,2.331290e+00,1.365144e+00,3.387365e+00,2.697095e+00,6.438561e-01,1.898964e+00,3.563496e+00,2.461292e+00,2.879186e+00,2.991840e-02,0,0,1.335355e-05,1.148224e-04,-1.504994e-01,3.036622e-02,4.442449e-01,7.504602e-02,2.345885e-01,6.544948e-01,-3.118955e-01,1.455872e-01,2.875487e-01,2.465547e-01,3.815989e-01,-6.618313e-03,0,0
1.002270e-03,-1.853938e+01,2.679402e+00,2.485239e-01,2.737212e+00,2.548756e+00,4.229216e+00,4.258365e+00,6.045845e-01,1.122283e+00,5.103926e+00,3.823061e+00,2.480741e+00,3.868238e-02,0,0,1.173842e-05,-9.798012e-02,-2.934718e-01,-3.284426e-01,6.291632e-01,8.475629e-01,6.518916e-01,5.897847e-01,3.043784e-01,7.039108e-01,-1.036601e-02,-3.830642e-01,2.250613e-01,8.159572e-04,0,0
1.013457e-03,-1.884041e+01,2.514468e+00,2.078593e-01,3.722347e+00,3.449099e+00,5.375821e+00,4.669332e+00,1.887058e+00,3.761081e+00,3.811900e+00,2.729293e+00,3.468113e+00,5.621034e-02,0,0,1.032450e-05,-2.105541e-01,-3.440408e-01,-6.329462e-01,5.390956e-01,7.069044e-01,5.333894e-01,4.942331e-01,3.081388e-01,9.720241e-01,-1.050083e-01,-6.083340e-01,6.444656e-01,-1.903898e-03,0,0
1.024036e-03,-1.929500e+01,2.090635e+00,-6.413718e-01,3.804120e+00,5.849394e+00,6.551365e+00,4.736469e+00,1.772088e+00,4.675156e+00,4.330424e+00,1.059233e+00,3.940863e+00,3.777577e-02,0,0,6.364065e-06,-1.616064e-01,-3.156796e-01,-4.924543e-01,5.117165e-01,5.243535e-02,-3.409990e-01,1.485333e-02,3.883708e-01,6.668823e-01,-4.673168e-01,-9.409973e-01,4.470080e-01,-6.316108e-03,0,0
1.034881e-03,-1.939666e+01,1.660024e+00,-1.318808e+00,4.493314e+00,3.249347e+00,4.893238e+00,4.929208e+00,1.600798e+00,4.982648e+00,3.425205e+00,8.015353e-01,5.371453e+00,2.085222e-02,0,0,1.870275e-05,-4.110050e-02,-2.205575e-02,-7.034978e-01,1.585970e-02,-6.244328e-01,-1.211429e+00,2.705224e-01,4.007905e-01,9.568002e-02,-3.918196e-01,-3.509561e-01,-7.970488e-02,-2.326986e-03,0,0
1.023379e-03,-1.906929e+01,1.528226e+00,-1.450414e+00,4.910312e+00,2.910809e+00,2.765512e+00,4.202693e+00,2.689568e+00,3.845912e+00,2.960690e+00,8.195319e-02,3.764111e+00,2.478090e-02,0,0,9.065629e-05,-3.680435e-01,4.996437e-01,-8.138593e-01,-4.150949e-01,-6.515518e-01,-1.483540e+00,8.097976e-01,3.168531e-01,2.657799e-01,-7.901487e-01,2.471663e-01,-4.385465e-01,7.071623e-03,0,0
1.107300e-03,-1.915876e+01,2.685394e+00,-2.905108e+00,3.248550e+00,1.796227e+00,1.211600e+00,6.288831e+00,3.432270e+00,4.654104e+00,2.537669e+00,1.463152e+00,3.157965e+00,5.107284e-02,0,0,2.243629e-04,-8.199390e-01,1.091563e+00,-1.306927e+00,-8.492258e-01,-1.858116e-01,-1.119097e+00,1.618723e+00,-1.857910e-01,5.753549e-01,-6.858619e-01,8.563412e-01,-7.763124e-01,1.160471e-02,0,0
1.441108e-03,-2.125417e+01,4.076168e+00,-3.917519e+00,2.351027e+00,3.318195e+00,9.744833e-01,8.105645e+00,2.440618e+00,6.168328e+00,8.234485e-01,1.964256e+00,2.854875e+00,5.802357e-02,0,0,5.039659e-04,-1.303578e+00,1.626580e+00,-1.883463e+00,-5.498042e-01,-2.292608e-01,-6.634056e-01,2.097136e+00,-1.025681e+00,7.947354e-01,-6.904169e-02,9.401823e-01,-4.929011e-01,1.544273e-02,0,0
1.947830e-03,-2.240392e+01,5.843866e+00,-6.619890e+00,1.526827e+00,2.116596e+00,1.932669e-01,1.107135e+01,7.963187e-01,6.698215e+00,1.064516e+00,4.142090e+00,1.944509e+00,6.225446e-02,0,0,8.887184e-04,-1.439332e+00,1.950164e+00,-2.064570e+00,-9.813686e-02,-1.756430e-01,-5.481507e-01,1.607455e+00,-1.591058e+00,1.256502e-01,7.732630e-01,5.806047e-01,-4.537849e-01,2.940465e-02,0,0
3.122943e-03,-2.396460e+01,8.081891e+00,-9.010339e+00,3.022152e+00,1.604320e+00,-4.234942e-02,1.229711e+01,-1.120862e+00,6.797533e+00,3.352057e+00,3.443396e+00,1.906333e+00,9.640375e-02,0,0,1.190482e-03,-1.364702e+00,1.818452e+00,-1.897731e+00,-4.853266e-02,-1.137276e-01,-3.476387e-01,1.029762e+00,-1.564332e+00,-4.850979e-01,1.696340e+00,-3.935547e-02,-3.822845e-01,4.925959e-02,0,0
4.709974e-03,-2.500021e+01,1.043335e+01,-1.068155e+01,2.422303e+00,1.774949e+00,-1.020737e+00,1.223037e+01,-2.742278e+00,4.967752e+00,5.139679e+00,3.626606e+00,1.363311e+00,1.789060e-01,0,0,1.078623e-03,-1.315832e+00,9.809439e-01,-5.705895e-01,-2.371656e-01,4.474887e-01,1.076004e-01,2.181179e-01,-1.377769e+00,-8.566602e-01,1.242187e+00,-1.079116e+00,-3.663826e-01,5.672408e-02,0,0
6.012447e-03,-2.677953e+01,1.087369e+01,-1.137534e+01,1.660626e+00,2.920380e+00,-1.567080e-01,1.267494e+01,-3.611743e+00,4.608070e+00,7.267569e+00,2.025221e+00,1.234051e+00,2.459958e-01,0,0,3.999503e-04,-8.525273e-01,-2.356198e-01,9.450038e-01,-5.794957e-01,5.801445e-01,6.352839e-01,-3.202366e-01,-7.785391e-01,-4.413354e-01,4.255194e-01,-1.171052e+00,-3.887837e-02,4.088849e-02,0,0
5.896194e-03,-2.757561e+01,9.352687e+00,-8.290336e+00,1.021762e+00,3.696009e+00,7.884480e-01,1.197302e+01,-4.847087e+00,3.509645e+00,5.317697e+00,-5.444006e-01,4.487370e-01,2.710789e-01,0,0,-5.163972e-04,5.144760e-01,-7.722008e-01,2.398716e+00,-9.262365e-01,-3.142467e-01,5.246309e-01,-1.688039e+00,-6.689221e-01,-3.229223e-01,-1.109975e+00,-1.906640e+00,2.972810e-02,6.860080e-03,0,0
4.529585e-03,-2.693954e+01,7.444124e+00,-5.480927e+00,8.249440e-01,3.544513e+00,2.229478e+00,1.082461e+01,-3.961153e+00,5.319910e+00,5.390646e+00,-3.263581e-01,2.169228e+00,2.547598e-01,0,0,-1.103398e-03,2.668869e+00,-7.553934e-01,2.874455e+00,-2.035646e+00,-2.517778e+00,-3.744095e-01,-3.577003e+00,-1.048350e+00,-9.983293e-01,-1.709162e+00,-2.103930e+00,-1.580917e-01,-2.695678e-02,0,4.026427e-02
2.869420e-03,-2.234782e+01,8.287128e+00,-1.635176e+00,-1.791038e+00,-1.083506e-01,4.093248e-01,4.715345e+00,-5.912184e+00,2.997221e+00,5.282664e-01,-4.730807e+00,1.044363e+00,2.088244e-01,0,0,-1.032266e-03,4.459358e+00,-4.353391e-01,2.550252e+00,-3.322167e+00,-4.794384e+00,-1.240635e+00,-5.395776e+00,-1.698543e+00,-1.818225e+00,-1.146784e+00,-2.464304e+00,-5.663148e-01,-5.058930e-02,3.055521e+01,1.080102e-01
2.008843e-03,-1.604907e+01,7.629500e+00,-3.306482e-01,-7.111202e+00,-7.766329e+00,-1.839194e+00,-1.581233e+00,-8.320947e+00,-1.273646e-01,1.116474e+00,-6.401227e+00,1.457793e-01,1.423391e-01,0,2.013213e-01,-5.008116e-04,4.664444e+00,-6.043695e-01,2.086691e+00,-3.842724e+00,-5.635045e+00,-1.599697e+00,-5.847346e+00,-2.077624e+00,-2.232923e+00,4.514776e-01,-1.773011e+00,-6.607307e-01,-5.757027e-02,7.632549e+01,1.818120e-01
1.995233e-03,-1.072405e+01,7.083303e+00,1.885788e+00,-1.162100e+01,-1.462049e+01,-3.380390e+00,-8.802940e+00,-1.115991e+01,-2.857843e+00,1.720864e+00,-9.828485e+00,-1.371112e+00,7.434270e-02,1.527761e+02,4.393906e-01,3.486087e-05,3.086394e+00,-9.274552e-01,1.534951e+00,-3.027312e+00,-4.207538e+00,-1.347720e+00,-4.759036e+00,-1.406812e+00,-1.360148e+00,2.223759e+00,3.542747e-02,-1.684545e-01,-4.805077e-02,1.214576e+02,1.965115e-01
2.462620e-03,-9.429200e+00,5.024189e+00,3.192047e+00,-1.347369e+01,-1.737464e+01,-3.874149e+00,-1.165298e+01,-1.172541e+01,-2.917174e+00,7.051734e+00,-6.642576e+00,7.331237e-02,3.414929e-02,3.052394e+02,6.893647e-01,2.585357e-04,1.109221e+00,-7.076769e-01,1.371297e+00,-1.641279e+00,-1.682574e+00,-1.266437e+00,-3.351674e+00,-5.344855e-01,-5.065418e-01,2.367025e+00,9.914469e-01,2.530043e-02,-2.910245e-02,1.195841e+02,1.401636e-01
2.816835e-03,-1.022579e+01,4.952508e+00,4.278230e+00,-1.374635e+01,-1.634188e+01,-5.311798e+00,-1.404396e+01,-1.124401e+01,-2.408614e+00,8.679429e+00,-4.432995e+00,2.383245e-01,2.266546e-02,4.546684e+02,7.385359e-01,2.291728e-04,-2.726545e-01,-3.263381e-01,8.873138e-01,-8.367623e-01,2.076272e-01,-1.130040e+00,-2.112639e+00,-3.721865e-01,-8.218312e-02,1.394466e+00,9.450443e-01,1.789152e-01,-1.106074e-02,7.091655e+01,6.944863e-02
2.890720e-03,-1.075210e+01,5.156513e+00,5.329618e+00,-1.425492e+01,-1.531850e+01,-7.205673e+00,-1.571909e+01,-1.095132e+01,-2.884689e+00,9.472316e+00,-4.141737e+00,-5.324369e-01,2.266546e-02,4.469745e+02,7.525665e-01,1.035937e-04,-5.931295e-01,1.043935e-01,6.421756e-01,-6.957957e-01,1.043791e+00,-7.884900e-01,-1.415221e+00,-9.362810e-01,-2.126116e-01,-4.230185e-01,-3.476276e-01,2.771985e-01,-1.299486e-03,2.216876e+01,1.371564e-02
2.927047e-03,-1.142588e+01,5.385451e+00,5.253572e+00,-1.541420e+01,-1.461042e+01,-7.364830e+00,-1.733308e+01,-1.340788e+01,-3.285002e+00,7.482903e+00,-6.353682e+00,-1.736614e-01,2.478090e-02,4.364912e+02,7.550328e-01,2.629878e-05,-4.409353e-01,1.675997e-01,4.016203e-01,-8.018951e-01,1.015427e+00,-1.537232e-02,-4.053912e-01,-1.553339e+00,-6.403570e-01,-1.263684e+00,-1.134116e+00,6.512426e-01,1.057722e-03,-1.070355e+01,-1.451778e-03
2.925482e-03,-1.179481e+01,5.329685e+00,5.915254e+00,-1.611875e+01,-1.302142e+01,-6.790082e+00,-1.708453e+01,-1.532488e+01,-3.542038e+00,5.534905e+00,-7.420371e+00,1.665298e+00,2.659414e-02,4.251718e+02,7.496944e-01,-1.928264e-05,-1.833313e-01,9.653129e-02,2.183917e-01,-7.445955e-01,8.484257e-01,6.291011e-01,8.358140e-01,-1.198703e+00,-8.393126e-01,-1.429646e+00,-9.014084e-01,1.057694e+00,6.648537e-04,-1.194176e+01,-9.017730e-03
2.930948e-03,-1.190912e+01,5.703921e+00,5.993514e+00,-1.682391e+01,-1.241329e+01,-5.596455e+00,-1.538820e+01,-1.682393e+01,-5.281724e+00,4.329717e+00,-8.464259e+00,2.395670e+00,2.598973e-02,4.120520e+02,7.327130e-01,-7.581136e-05,3.244619e-02,-1.682639e-02,-1.066903e-01,-7.308800e-01,2.169171e-01,1.010745e+00,2.014088e+00,1.893748e-01,-6.613523e-01,-7.843775e-01,-3.262532e-01,8.932155e-01,8.461772e-04,-3.759172e+01,-1.599357e-02
2.792357e-03,-1.142714e+01,5.479935e+00,6.051606e+00,-1.727304e+01,-1.217494e+01,-4.944355e+00,-1.251246e+01,-1.523681e+01,-6.082890e+00,3.900677e+00,-7.593491e+00,3.471366e+00,2.538531e-02,3.994854e+02,7.186378e-01,-1.425541e-04,1.107380e-01,-1.362149e-01,-7.246886e-01,-2.638949e-01,-3.642038e-01,1.344910e+00,2.596997e+00,1.579812e+00,4.287506e-01,-2.978285e-01,-7.101917e-02,-8.438110e-04,2.961619e-03,-7.421928e+01,-2.127058e-02
2.614553e-03,-1.144748e+01,5.226194e+00,4.651945e+00,-1.849146e+01,-1.394908e+01,-3.233971e+00,-9.548673e+00,-1.250504e+01,-5.321337e+00,4.378129e+00,-7.898388e+00,3.389382e+00,2.961620e-02,2.613759e+02,6.905933e-01,-2.061558e-04,3.167524e-02,-2.950314e-01,-1.080858e+00,5.471430e-01,-5.329838e-01,1.601853e+00,2.759533e+00,2.618243e+00,1.669634e+00,5.188213e-02,5.849304e-02,-9.826242e-01,7.101843e-03,-1.094176e+02,-2.280893e-02
2.370910e-03,-1.147193e+01,4.887474e+00,2.962596e+00,-1.660445e+01,-1.407454e+01,-1.246775e+00,-7.019304e+00,-9.585264e+00,-1.378479e+00,4.021556e+00,-8.058402e+00,1.164223e+00,3.958900e-02,1.294134e+02,6.644014e-01,-2.393418e-04,-7.606669e-02,-2.699960e-01,-1.136039e+00,1.247379e+00,-3.718605e-02,1.853273e+00,2.537105e+00,2.676200e+00,2.288878e+00,3.078532e-01,2.867507e-01,-1.911276e+00,1.045633e-02,-1.060347e+02,-1.828561e-02
2.110893e-03,-1.172834e+01,4.524994e+00,2.133730e+00,-1.442249e+01,-1.412841e+01,5.640187e-01,-4.337110e+00,-6.558490e+00,7.142408e-01,4.528688e+00,-7.939338e+00,-1.363879e+00,5.439709e-02,0,6.457866e-01,-2.533440e-04,8.927517e-02,-1.706741e-01,-5.585377e-01,1.243479e+00,3.679269e-01,1.406404e+00,2.190617e+00,1.972466e+00,1.586230e+00,7.921032e-01,1.061135e+00,-1.770226e+00,1.157449e-02,-6.521651e+01,-1.145539e-02
1.847478e-03,-1.166704e+01,4.480555e+00,1.630516e+00,-1.307062e+01,-1.227120e+01,2.423015e+00,-2.432719e+00,-4.829089e+00,2.343709e+00,5.364664e+00,-6.139262e+00,-3.708383e+00,6.527652e-02,0,6.496131e-01,-2.412053e-04,2.939282e-01,-1.226807e-03,-8.222203e-02,4.718855e-01,1.437032e-01,7.561750e-01,1.783656e+00,7.771239e-01,4.601749e-01,1.362691e+00,1.827416e+00,-8.138628e-01,1.066788e-02,-2.588268e+01,-1.526155e-02
1.609550e-03,-1.090355e+01,4.576283e+00,2.525296e+00,-1.404097e+01,-1.301111e+01,1.963152e+00,-8.888782e-01,-5.020798e+00,7.487164e-01,7.667092e+00,-3.552285e+00,-3.025446e+00,7.464492e-02,0,6.407105e-01,-2.221947e-04,4.831957e-01,3.132986e-01,2.066507e-01,5.478840e-01,-1.112737e-01,-1.201376e-01,1.497132e+00,-6.662171e-01,-5.778538e-01,9.567846e-01,1.895748e+00,-7.422473e-02,8.220008e-03,0,-2.937455e-02
1.415555e-03,-1.041469e+01,4.855695e+00,2.355702e+00,-1.443578e+01,-1.391467e+01,1.834533e+00,1.748628e-01,-6.468491e+00,9.051583e-01,9.265807e+00,-1.114846e+00,-2.074308e+00,8.280448e-02,0,5.906317e-01,-1.883446e-04,4.543269e-01,5.626470e-01,-3.124380e-02,1.518463e+00,-2.951708e-02,-5.600702e-01,1.067378e+00,-1.417309e+00,-1.246898e+00,-3.396068e-01,1.183536e+00,-8.860040e-02,3.868239e-03,0,-7.547710e-02
1.215881e-03,-9.938538e+00,5.903917e+00,2.804390e+00,-1.100049e+01,-1.386304e+01,2.575715e-01,1.844759e+00,-9.069875e+00,-1.455753e+00,7.362040e+00,-9.728081e-01,-2.552040e+00,8.673315e-02,0,5.284045e-01,-1.436542e-04,1.872612e-01,8.311539e-01,-4.690048e-01,2.881842e+00,9.362698e-01,-6.012363e-01,2.997165e-01,-1.261801e+00,-1.120879e+00,-1.420933e+00,3.968709e-01,-5.040922e-01,-2.659415e-03,0,-1.226254e-01
1.102589e-03,-9.877912e+00,6.629972e+00,1.334750e+00,-6.998549e+00,-1.199282e+01,4.754548e-01,1.537354e+00,-9.891094e+00,-2.788547e+00,3.819156e+00,-1.511322e+00,-4.388088e+00,7.857359e-02,0,3.283806e-01,-9.203815e-05,-2.144028e-01,8.863069e-01,-3.672368e-01,3.393307e+00,1.459246e+00,-8.577978e-01,-9.171279e-01,-3.105924e-01,-4.811333e-01,-1.719557e+00,1.314959e-01,-2.343196e-01,-8.250227e-03,0,-1.550959e-01
1.047761e-03,-1.023563e+01,7.844914e+00,6.907482e-01,-3.350382e+00,-9.290689e+00,-3.634898e-01,-7.154099e-02,-9.618501e+00,-3.008826e+00,3.285754e+00,-1.369693e+00,-4.389017e+00,6.346329e-02,0,1.587089e-01,-5.188148e-05,-6.464813e-01,7.440383e-01,-1.786917e-01,2.473970e+00,1.359885e+00,-1.150314e+00,-1.966279e+00,8.638094e-01,8.341540e-01,-9.989725e-01,1.117421e-01,5.637430e-01,-8.945303e-03,0,-1.385190e-01
1.039424e-03,-1.133815e+01,8.316731e+00,1.576339e+00,-1.294304e+00,-8.904621e+00,-2.143925e+00,-3.452626e+00,-7.747139e+00,-7.239716e-01,2.706166e+00,-2.589245e-01,-2.327417e+00,5.318828e-02,0,0,-3.118382e-05,-8.382083e-01,5.466129e-01,1.989625e-01,1.427833e+00,8.344270e-01,-1.593883e+00,-2.396230e+00,7.172711e-01,8.581681e-01,-7.897992e-01,1.327764e-01,1.167915e+00,-1.722576e-03,0,-8.154701e-02
9.880561e-04,-1.244082e+01,8.780729e+00,1.790136e+00,-1.482762e+00,-8.607716e+00,-4.184308e+00,-5.491644e+00,-5.822805e+00,1.682729e+00,2.923671e+00,-1.040296e+00,-7.636607e-01,5.469930e-02,0,0,-1.888904e-05,-7.263053e-01,2.166736e-01,-5.794938e-02,4.986689e-01,5.504647e-01,-1.201163e+00,-1.723403e+00,3.226878e-01,7.086844e-02,-1.129459e+00,-3.007691e-01,6.234127e-01,1.263222e-02,0,-3.174179e-02
9.765225e-04,-1.296636e+01,8.895129e+00,1.779868e+00,-7.931944e-01,-8.162175e+00,-5.583549e+00,-7.733742e+00,-8.202586e+00,-8.434837e-01,5.120138e-02,-1.012138e+00,-3.611900e-01,7.434271e-02,0,0,-6.988947e-06,-5.578287e-01,-7.405882e-02,-3.553859e-01,3.263209e-01,8.710648e-01,-3.881561e-01,-5.663103e-01,-4.348697e-01,-1.110231e+00,-1.347684e+00,-3.340506e-01,4.557667e-01,2.813539e-02,0,0
9.847666e-04,-1.305306e+01,8.639083e+00,2.992370e-01,-1.107592e+00,-6.909588e+00,-4.649493e+00,-6.547999e+00,-7.777339e+00,-2.594728e+00,-1.034058e+00,-2.496931e+00,-2.255067e+00,1.160471e-01,0,0,9.925652e-06,-4.357881e-01,-3.185397e-01,-1.470098e-01,3.177312e-01,6.810860e-01,1.536443e-01,3.722529e-01,9.482231e-02,-1.144520e+00,-1.378915e+00,-4.414286e-01,5.576366e-01,3.650650e-02,0,0
1.006123e-03,-1.382118e+01,8.017261e+00,5.448597e-01,1.497157e-01,-5.398361e+00,-3.852113e+00,-5.756001e+00,-8.944221e+00,-4.136396e+00,-2.053390e+00,-1.200860e+00,6.971194e-01,1.631913e-01,0,0,1.023926e-05,-5.059021e-01,-5.485222e-01,1.604109e-01,1.729666e-01,1.680496e-01,8.204160e-02,3.500084e-01,8.840416e-01,1.059033e-01,-2.548255e-01,1.130832e-02,9.114690e-01,2.943487e-02,0,0
1.022884e-03,-1.419235e+01,7.626965e+00,1.672592e+00,-3.655608e-01,-6.584193e+00,-4.281805e+00,-4.619250e+00,-4.977876e+00,-2.393416e+00,-2.918610e+00,-3.153078e+00,1.495368e+00,1.928075e-01,0,0,4.733657e-06,-5.381321e-01,-6.004009e-01,6.126608e-01,2.006076e-01,-5.415318e-01,-2.913530e-01,-4.331962e-01,1.172921e+00,1.110455e+00,4.176045e-01,2.594726e-01,5.189805e-01,1.154427e-02,0,0
1.008660e-03,-1.492622e+01,6.658577e+00,1.895245e+00,-2.993769e-01,-7.484625e+00,-5.357186e+00,-6.948074e+00,-5.182109e+00,-4.146227e-01,-2.806503e-01,-6.275232e-01,2.320937e+00,1.831369e-01,0,0,-3.623287e-06,-5.771467e-01,-4.709191e-01,3.268786e-01,1.867212e-01,-4.001908e-01,-2.221950e-01,-1.000473e+00,4.007149e-01,9.796864e-01,1.028145e+00,5.738651e-01,-4.455806e-01,-2.961624e-03,0,0
1.007167e-03,-1.519120e+01,6.316420e+00,2.687348e+00,1.199922e-01,-8.574115e+00,-5.353722e+00,-8.117943e+00,-3.793790e+00,1.096659e+00,1.675952e-01,-1.486237e+00,-4.720737e-01,1.637957e-01,0,0,-6.688223e-06,-5.932723e-01,-3.828791e-01,-1.690731e-01,3.956476e-01,6.506275e-01,4.458482e-01,-6.171438e-01,-2.966481e-01,6.011518e-02,5.583386e-01,4.363282e-01,-5.545281e-01,-8.552435e-03,0,0
9.958657e-04,-1.620749e+01,6.317937e+00,1.671875e+00,8.405451e-01,-6.404354e+00,-4.427129e+00,-9.009019e+00,-7.532691e+00,-9.830017e-01,1.544232e+00,8.350444e-01,-5.470626e-01,1.628891e-01,0,0,1.666020e-07,-5.347560e-01,-3.195516e-01,-7.294906e-01,3.668449e-01,1.785644e+00,1.117907e+00,6.826488e-01,-1.759375e-01,-9.387302e-01,1.058156e-01,2.526862e-01,-5.991008e-02,-1.093986e-02,0,0
9.958399e-04,-1.651808e+01,5.882889e+00,9.389113e-01,1.042716e+00,-3.871191e+00,-2.517592e+00,-6.674497e+00,-5.285826e+00,-1.808651e+00,-1.039358e+00,-1.702721e+00,1.567272e-01,1.601692e-01,0,0,9.375973e-07,-3.869879e-01,-5.546671e-01,-1.062398e+00,3.206140e-01,1.932764e+00,1.437841e+00,1.661939e+00,7.105798e-01,-5.870679e-01,2.828099e-01,4.413528e-01,9.471171e-01,-2.109398e-02,0,0
1.015157e-03,-1.693656e+01,5.277584e+00,-8.779896e-01,1.073486e+00,-9.078689e-01,-1.185717e+00,-4.256553e+00,-5.315779e+00,-3.655619e+00,8.519042e-01,7.441501e-01,1.706987e+00,1.302508e-01,0,0,3.656919e-06,-1.595451e-01,-5.939606e-01,-9.754669e-01,2.921779e-01,1.145657e+00,1.126740e+00,1.342438e+00,1.423878e+00,2.761471e-01,7.188805e-01,6.276911e-01,1.282407e+00,-3.103657e-02,0,0
1.002209e-03,-1.676160e+01,4.063262e+00,-1.349712e+00,1.606592e+00,-1.658536e+00,2.147787e-01,-2.184481e+00,-1.349347e+00,-5.023722e-01,1.927809e+00,7.659747e-01,3.136487e+00,7.464492e-02,0,0,4.607893e-06,-8.321114e-02,-4.316315e-01,-9.091443e-01,1.355440e-01,1.413943e-01,4.786019e-01,5.422745e-02,1.053961e+00,8.766454e-01,9.716042e-01,1.223910e+00,1.624776e+00,-2.459958e-02,0,0
1.010966e-03,-1.688346e+01,4.257948e+00,-2.061149e+00,2.019496e+00,-1.782397e+00,-1.596165e-01,-4.541837e+00,-2.381540e+00,-2.554057e-01,3.655051e+00,2.739152e+00,4.375090e+00,5.046842e-02,0,0,6.370176e-06,3.843040e-02,-1.267982e-01,-6.517075e-01,-6.375458e-02,-8.582161e-02,1.345960e-01,-9.189343e-01,9.567688e-01,1.077923e+00,2.227864e-02,7.003535e-01,1.120762e+00,-4.533094e-03,0,0
1.020975e-03,-1.696069e+01,4.234550e+00,-3.015231e+00,1.247431e+00,-2.726955e+00,-6.376324e-01,-6.260718e+00,-1.483140e+00,8.744693e-01,2.417090e+00,3.419329e+00,6.946556e+00,7.706255e-02,0,0,8.993014e-06,1.306122e-01,3.404488e-02,-5.366756e-01,-3.786067e-01,2.997569e-01,-7.635261e-02,-7.765013e-01,5.682790e-01,4.563920e-01,-4.189266e-01,6.395537e-01,5.794872e-01,1.302508e-02,0,0
1.037625e-03,-1.664487e+01,4.557949e+00,-3.303767e+00,9.342934e-01,-8.027673e-01,-8.653160e-02,-6.813107e+00,-4.650383e-01,1.045577e+00,7.186570e-01,2.919241e+00,5.405759e+00,1.063766e-01,0,0,1.138332e-06,1.191271e-01,-2.321180e-01,-8.543317e-02,-3.094493e-01,4.985989e-01,-2.069336e-02,5.216811e-01,6.596792e-01,4.494674e-01,-1.676239e-02,1.019682e-01,-3.677253e-01,1.931097e-02,0,0
1.033845e-03,-1.622784e+01,4.083486e+00,-3.411780e+00,2.561600e-01,-6.495664e-01,-2.035268e-01,-4.931353e+00,5.337973e-01,1.129097e+00,1.301373e+00,3.873699e+00,5.518589e+00,1.118163e-01,0,0,-6.183924e-06,-1.503765e-01,-4.769775e-01,2.598240e-01,5.604206e-02,6.664000e-01,9.512933e-02,1.138205e+00,-1.052038e-02,1.939147e-01,1.131606e+00,-6.301370e-02,-8.495600e-01,1.822303e-02,0,0
1.010222e-03,-1.665425e+01,3.172890e+00,-2.290040e+00,9.678855e-01,-3.280973e-01,-4.801360e-01,-2.598114e+00,-9.161210e-02,1.864617e+00,4.129098e+00,3.021808e+00,3.250448e+00,1.296464e-01,0,0,-1.191038e-05,-4.086912e-01,-4.846660e-01,3.877936e-01,-7.938783e-02,2.529718e-01,3.690980e-01,1.121673e+00,-2.919428e-01,1.480452e-01,1.489590e+00,9.254007e-02,-2.303801e-01,1.402236e-02,0,0
1.003756e-03,-1.770788e+01,2.542192e+00,-2.222975e+00,1.510845e+00,3.677097e-01,3.481643e-02,-2.677191e+00,-1.722455e+00,1.434523e+00,6.369900e+00,3.052977e+00,3.776412e+00,1.565428e-01,0,0,-9.880227e-06,-3.314871e-01,-1.810800e-01,3.658500e-01,-2.645618e-01,1.141869e-01,7.213181e-01,2.057576e-01,-3.013000e-01,-7.682940e-02,5.065873e-01,2.786035e-01,3.042237e-01,9.066016e-05,0,0
9.931169e-04,-1.794830e+01,2.905266e+00,-1.959202e+00,-8.998823e-02,-4.654646e-02,1.639787e+00,-2.331820e+00,-7.966263e-01,1.633090e+00,5.632346e+00,3.792302e+00,5.124947e+00,1.541251e-01,0,0,-6.408489e-06,8.689155e-02,1.441416e-01,1.280077e-01,-6.554065e-01,-9.115343e-02,9.142569e-01,3.078468e-01,1.976804e-01,-1.160873e-01,-9.434406e-01,6.966295e-01,6.149618e-01,-1.532185e-02,0,0
9.929964e-04,-1.723825e+01,3.311898e+00,-1.747949e+00,-5.377125e-01,-2.194075e-01,2.343102e+00,-4.035712e+00,-6.201957e-01,8.607135e-01,3.082685e+00,4.881469e+00,6.102457e+00,1.000302e-01,0,0,-3.341748e-06,3.445866e-01,1.253713e-01,1.199424e-02,-5.892441e-01,-1.554918e-01,5.587355e-01,9.146566e-01,1.668812e-01,-3.522810e-01,-1.627484e+00,6.339090e-01,-6.921158e-02,-1.483832e-02,0,0
9.835599e-04,-1.645461e+01,3.508745e+00,-1.887514e+00,-1.284868e+00,-4.903058e-01,2.937005e+00,-3.796201e-01,3.456602e-01,1.571085e+00,1.055502e+00,5.590709e+00,5.162234e+00,8.129344e-02,0,0,-4.145806e-06,2.234623e-01,-1.449000e-01,-4.354780e-01,-2.238860e-01,1.285762e-01,2.144872e-01,1.554219e+00,1.081929e-01,-6.728881e-01,-1.177369e+00,-1.714435e-02,-9.298579e-01,2.598971e-03,0,0
9.918261e-04,-1.673179e+01,2.867309e+00,-2.198848e+00,-8.379352e-01,-1.878697e-01,2.179885e+00,9.199915e-01,-1.459192e+00,-2.958805e-01,5.208996e-01,5.323318e+00,3.411711e+00,1.187670e-01,0,0,-3.779755e-06,-1.250755e-01,-3.852918e-01,-6.093724e-01,-1.991429e-01,3.538393e-02,-2.793031e-02,1.458113e+00,5.224692e-01,-1.216081e+00,-1.037154e-01,-7.131918e-01,-1.189256e+00,1.834391e-02,0,0
9.729730e-04,-1.708421e+01,2.403060e+00,-3.911143e+00,-1.059307e+00,5.805658e-01,2.793831e+00,2.961424e+00,1.638363e-01,-1.153054e+00,1.026394e+00,3.485656e+00,1.821030e+00,1.577516e-01,0,0,-1.250301e-07,-3.824020e-01,-5.215154e-01,-6.579044e-01,-1.571376e-01,-3.249350e-01,-4.204980e-01,1.654513e-01,1.107454e+00,-1.223832e+00,4.625182e-01,-1.389506e+00,-7.368315e-01,2.070112e-02,0,0
9.793910e-04,-1.754882e+01,1.938281e+00,-3.782997e+00,-1.646207e+00,-5.779237e-01,2.275038e+00,1.584333e+00,2.083062e+00,-3.857624e+00,2.578662e+00,2.368037e+00,1.826778e+00,1.535207e-01,0,0,6.126618e-06,-3.674900e-01,-4.404725e-01,-5.403886e-01,-4.031839e-01,-9.506418e-01,-5.602911e-01,-6.909389e-01,1.533500e+00,-3.885065e-01,2.492753e-01,-1.306133e+00,2.495896e-02,2.036869e-02,0,0
9.891522e-04,-1.795810e+01,1.365682e+00,-4.384962e+00,-1.666420e+00,-1.919954e+00,7.869389e-01,1.154660e-01,4.111804e+00,-2.767205e+00,2.339212e+00,1.208201e-01,2.270543e+00,1.674222e-01,0,0,1.429324e-05,-3.074276e-01,-1.344579e-01,-1.748890e-01,-3.145682e-01,-1.063990e+00,-8.561330e-01,-1.198084e+00,7.897190e-01,7.550238e-01,-9.050802e-02,-3.697910e-01,6.147785e-01,2.798429e-02,0,0
1.014370e-03,-1.813230e+01,1.183635e+00,-4.663881e+00,-2.550298e+00,-3.690819e+00,3.818756e-01,-1.111724e+00,4.234326e+00,-1.431337e+00,1.110867e+00,4.750715e-01,3.311749e+00,2.157751e-01,0,0,1.553239e-05,-2.800531e-01,3.055225e-01,1.122816e-01,2.430441e-01,-1.560187e-01,-2.688826e-01,-6.945554e-01,-3.887958e-01,1.464794e+00,-1.842084e-01,3.923988e-01,2.294375e-01,3.535812e-02,0,0
1.026950e-03,-1.832961e+01,2.108094e+00,-4.345146e+00,-2.180103e+00,-3.182935e+00,-5.402529e-01,-1.680969e+00,3.036799e+00,1.408922e+00,1.307752e+00,2.583184e+00,4.152438e+00,2.665458e-01,0,0,1.507518e-05,-3.086716e-01,7.651973e-01,6.850678e-01,7.386642e-01,7.967454e-01,2.542761e-01,-7.189959e-04,-9.080695e-01,1.243838e+00,2.931942e-02,4.901212e-01,-2.554386e-01,2.366273e-02,0,0
1.038154e-03,-1.876333e+01,3.094687e+00,-3.241497e+00,-1.741454e-01,-7.265267e-01,1.594221e+00,-9.902265e-01,6.765855e-01,1.378283e+00,2.173351e+00,3.098849e+00,2.033019e+00,2.807495e-01,0,0,1.039784e-05,-4.424702e-01,6.064676e-01,7.586061e-01,8.055380e-01,9.453039e-01,2.222240e-01,1.399993e-01,-5.651935e-01,1.188879e+00,2.327398e-02,-3.606678e-01,-4.666512e-01,-3.747359e-03,0,0
1.052636e-03,-1.918595e+01,4.236143e+00,-1.670815e+00,8.388245e-01,5.816275e-01,1.452147e+00,5.112211e-02,1.350326e+00,2.047174e+00,1.954567e+00,1.259537e+00,1.632715e+00,2.532487e-01,0,0,9.723194e-06,-3.574673e-01,2.818341e-01,5.069603e-01,5.816718e-02,1.604117e-01,8.947653e-02,-1.464143e-01,5.920682e-02,1.074237e+00,1.127772e-01,-4.513240e-01,1.880998e-01,-3.430040e-02,0,0
1.053516e-03,-1.991648e+01,3.151949e+00,-2.208016e+00,-3.207191e-02,-8.465806e-01,4.967957e-01,-1.277773e+00,2.251595e+00,4.193933e+00,9.038294e-01,-6.664443e-01,2.238354e+00,2.036869e-01,0,0,4.571164e-06,-2.276545e-01,2.536521e-02,3.129004e-01,-4.168898e-01,-7.269211e-01,-2.808257e-01,-3.571793e-01,3.006585e-01,1.085312e+00,5.244864e-01,8.947145e-01,1.170482e+00,-4.865518e-02,0,0
1.067885e-03,-1.954037e+01,3.488633e+00,-2.327084e+00,-1.960304e+00,-2.320849e+00,4.558423e-01,-2.269267e+00,2.545329e+00,5.372280e+00,2.506398e+00,2.209210e+00,4.990269e+00,1.335751e-01,0,0,-4.535133e-06,-4.095001e-02,-1.842767e-01,1.480395e-01,-2.661477e-01,-3.810307e-01,4.464419e-01,3.007687e-02,-3.643591e-01,3.940191e-01,1.155847e+00,2.055868e+00,1.178552e+00,-4.478694e-02,0,0
1.053385e-03,-1.972439e+01,3.595268e+00,-1.348860e+00,-8.590305e-01,-2.909894e+00,6.882446e-01,-1.615928e+00,1.582377e+00,5.142291e+00,4.519867e+00,7.097585e+00,6.206652e+00,9.731036e-02,0,0,-1.591400e-05,1.078508e-01,-2.633233e-01,3.246883e-01,5.203755e-01,5.418109e-01,1.072896e+00,1.016876e+00,-5.641671e-01,1.342680e-02,1.158572e+00,1.920930e+00,6.872623e-01,-3.164098e-02,0,0
1.030025e-03,-1.948674e+01,3.093100e+00,-1.360196e+00,-7.843453e-02,-2.918691e-01,3.588632e+00,3.705838e-01,-1.368602e-01,3.543091e+00,5.925784e+00,7.656864e+00,5.541328e+00,8.250227e-02,0,0,-1.975621e-05,9.409676e-02,-5.508643e-01,-6.020030e-02,6.703974e-01,9.488009e-01,1.432425e+00,1.381253e+00,-2.879321e-01,-2.417846e-02,3.245501e-01,3.065151e-01,-3.470967e-01,-2.160774e-02,0,0
9.928757e-04,-1.940404e+01,2.033099e+00,-1.068019e+00,1.628871e+00,8.479837e-01,4.294882e+00,2.486679e+00,7.718539e-01,5.175662e+00,4.986996e+00,6.214380e+00,5.399136e+00,7.101844e-02,0,0,-9.390618e-06,8.579083e-02,-3.958862e-01,-5.513092e-01,1.295616e-01,6.308413e-01,1.340370e+00,1.749574e+00,7.311274e-01,4.767144e-01,-5.702670e-01,-9.097834e-01,-2.603882e-01,-2.178906e-02,0,0
9.993588e-04,-1.923006e+01,1.515396e+00,-2.768506e+00,1.477324e-01,5.442161e-01,5.814649e+00,2.585693e+00,1.510930e+00,5.234703e+00,3.895584e+00,4.183388e+00,3.658543e+00,3.868238e-02,0,0,9.834068e-07,-7.425308e-02,2.756019e-02,-6.390352e-01,-3.786380e-01,-3.425280e-02,7.789863e-01,1.747434e+00,1.491997e+00,5.526066e-01,-7.838381e-01,-9.612171e-01,7.855983e-02,-1.876700e-02,0,0
1.021766e-03,-1.942378e+01,2.404689e+00,-3.401251e+00,-3.243057e-01,-1.737304e-01,6.277084e+00,6.024390e+00,4.414119e+00,6.680058e+00,2.683632e+00,4.285406e+00,5.846104e+00,1.027501e-02,0,0,2.835272e-06,-1.763496e-01,3.785901e-01,-2.492861e-01,-4.192213e-01,-1.028448e-01,2.511141e-01,1.427706e+00,1.107804e+00,2.243465e-01,-4.407319e-01,-7.948530e-01,6.817521e-01,-8.552433e-03,0,0
1.020498e-03,-1.984814e+01,3.045106e+00,-3.388756e+00,-9.950359e-01,4.772397e-02,6.492462e+00,7.338900e+00,5.501993e+00,5.553926e+00,3.158275e+00,3.815265e+00,5.710644e+00,1.903898e-02,0,0,-3.588968e-06,-3.721542e-02,4.391270e-01,3.183240e-01,-2.725308e-02,-2.100567e-01,-6.052161e-01,-2.430108e-02,-2.000380e-01,-3.674118e-01,-8.503263e-02,-4.690476e-01,6.944833e-01,4.714415e-03,0,0
9.964827e-04,-1.997675e+01,3.161195e+00,-2.004325e+00,1.041486e-01,5.820059e-01,5.211546e+00,7.248604e+00,4.315341e+00,6.137783e+00,3.151991e+00,2.424177e+00,7.781847e+00,3.807797e-02,0,0,-7.363129e-06,2.541079e-01,2.037950e-01,4.355357e-01,2.443167e-01,-4.093099e-01,-9.830117e-01,-1.914089e+00,-1.633432e+00,-8.914226e-01,-8.586206e-02,-5.674847e-01,-3.303955e-01,8.915080e-03,0,0
9.940554e-04,-1.913965e+01,3.332778e+00,-1.875349e+00,-2.027602e-01,-8.839357e-01,3.321337e+00,1.852081e+00,5.601291e-01,3.668781e+00,3.236241e+00,2.768764e+00,6.163088e+00,4.835298e-02,0,0,-4.383107e-06,4.988705e-01,9.059427e-02,2.500844e-01,3.927494e-01,-3.304340e-01,-1.020451e+00,-2.481208e+00,-1.790645e+00,-6.908365e-01,-1.649245e-01,-6.005381e-01,-1.036181e+00,2.206105e-03,0,0
9.981709e-04,-1.850748e+01,3.279828e+00,-1.980276e+00,5.011400e-01,-1.754450e+00,2.947588e+00,-8.026465e-01,-1.282110e+00,3.165517e+00,2.215338e+00,1.971233e+00,3.967904e+00,4.019341e-02,0,0,4.512025e-07,3.491440e-01,-6.818385e-02,-1.775358e-01,4.140638e-01,9.411937e-02,-3.692922e-01,-1.281239e+00,-3.314509e-01,-4.117031e-01,7.083678e-02,-3.877396e-01,-1.186654e+00,-5.681475e-03,0,0
9.977379e-04,-1.808842e+01,3.438761e+00,-2.150358e+00,7.702152e-01,-4.362179e-01,2.522186e+00,-1.041516e+00,-6.525059e-01,3.585876e+00,2.801979e+00,1.039047e+00,2.436710e+00,2.901179e-02,0,0,1.396623e-06,-7.009564e-02,-1.238076e-01,-2.696503e-01,4.947573e-01,6.752511e-01,2.419557e-01,7.105688e-01,1.388724e+00,1.458198e-01,8.980551e-02,-3.477616e-01,-2.115320e-01,-5.409489e-03,0,0
9.968975e-04,-1.875665e+01,2.767284e+00,-2.754499e+00,1.687980e+00,8.287439e-01,3.764661e+00,2.289209e+00,3.264404e+00,4.120719e+00,3.723306e+00,1.350338e+00,3.711764e+00,1.934119e-02,0,0,3.846851e-06,-4.459078e-01,-2.523997e-01,-2.769376e-01,3.112355e-01,5.731120e-01,9.948936e-01,1.458274e+00,1.949814e+00,8.708689e-02,1.181598e-01,1.117787e-01,5.462528e-01,1.783016e-03,0,0
1.001675e-03,-1.936555e+01,2.970012e+00,-2.836489e+00,1.677606e+00,1.200723e+00,4.122580e+00,3.858997e+00,5.230493e+00,3.920279e+00,2.931285e+00,1.340404e+00,5.233499e+00,3.173164e-02,0,0,7.773109e-06,-4.961130e-01,-1.633780e-01,7.276604e-02,3.345644e-01,6.188562e-02,1.198849e+00,8.070825e-01,1.089507e+00,9.612811e-02,-1.976819e-01,9.360083e-02,4.010524e-01,9.731038e-03,0,0
1.015436e-03,-2.009846e+01,2.252204e+00,-3.021899e+00,1.603622e+00,2.926393e-01,7.121859e+00,4.038468e+00,5.525459e+00,3.433750e+00,2.741484e+00,2.379447e+00,5.300774e+00,4.774857e-02,0,0,8.876598e-06,-2.150152e-01,-1.935826e-01,1.073665e-01,2.457060e-02,2.073951e-02,8.308527e-01,-2.485256e-01,-2.262041e-01,1.802780e-01,-1.775231e-01,-2.472198e-01,-6.741347e-01,7.464492e-03,0,0
1.027334e-03,-1.989808e+01,2.879411e+00,-1.652829e+00,2.485216e+00,1.412625e-01,6.837832e+00,2.119267e+00,3.664502e+00,4.410002e+00,2.304480e+00,9.924960e-01,3.647467e+00,6.346329e-02,0,0,1.073695e-05,8.252525e-02,-2.114526e-01,-1.459429e-01,-1.571606e-01,1.230470e-01,-2.445550e-02,-2.695245e-01,-5.054131e-01,9.930704e-02,6.930067e-02,-2.793140e-01,-1.300558e+00,4.533093e-04,0,0
1.028451e-03,-1.956545e+01,1.844672e+00,-2.809497e+00,1.407028e+00,1.462172e+00,6.561298e+00,1.916446e+00,2.916379e+00,4.777248e+00,3.149093e+00,2.881926e-01,1.134106e+00,4.079783e-02,0,0,6.716384e-06,2.455318e-01,-2.656468e-01,-4.205728e-01,-4.179738e-01,2.860340e-01,-9.620317e-01,1.924330e-01,-1.251340e-01,-3.795370e-01,-2.287032e-01,-1.641345e-01,-1.045203e+00,4.110002e-03,0,0
1.048853e-03,-1.921942e+01,2.116515e+00,-3.672404e+00,9.901003e-01,1.231192e+00,4.280582e+00,3.572386e+00,4.007967e+00,3.745065e+00,3.073984e+00,9.894617e-01,8.140430e-01,3.747356e-02,0,0,4.216016e-06,7.542515e-02,-3.456602e-01,-4.779775e-01,-3.660994e-01,1.185704e-02,-7.909760e-01,7.792456e-01,4.504503e-01,-1.079614e+00,-4.803191e-01,2.453646e-01,-1.753778e-01,2.598972e-02,0,0
1.038259e-03,-1.921013e+01,1.305418e+00,-4.114975e+00,2.613111e-01,1.177845e+00,3.590326e+00,4.274074e+00,4.728056e+00,1.868533e+00,1.213216e+00,1.560292e+00,1.491469e+00,8.129344e-02,0,0,-5.280936e-06,-1.507103e-01,-1.773631e-01,1.890230e-03,7.675146e-02,-1.560440e-01,-5.735593e-01,4.488339e-01,4.186756e-01,-1.389758e+00,-6.944293e-01,1.763667e-01,7.176121e-01,5.618011e-02,0,0
1.043510e-03,-1.969862e+01,1.420737e+00,-3.389977e+00,1.227578e+00,3.427111e-01,4.368438e+00,4.836681e+00,5.010915e+00,4.662881e-01,8.708231e-01,1.583269e+00,2.591896e+00,1.731641e-01,0,0,-1.401483e-05,-3.638582e-01,-2.467755e-01,2.157018e-01,2.962521e-01,2.713489e-01,2.909908e-01,-3.531456e-03,2.980552e-01,-6.656550e-01,-9.800296e-02,2.012945e-01,9.471073e-01,5.950438e-02,0,0
1.004718e-03,-2.007941e+01,1.305745e+00,-2.941259e+00,1.672047e+00,1.126192e+00,3.649574e+00,3.528468e+00,4.508283e+00,-5.321556e-01,7.785265e-01,8.731222e-01,3.833240e+00,2.538531e-01,0,0,-1.347415e-05,-4.177090e-01,-3.322052e-02,1.773283e-01,2.375771e-01,6.234710e-01,4.728591e-01,-3.943265e-01,5.362386e-01,6.112739e-01,4.846809e-01,2.101364e-01,9.478051e-01,2.435781e-02,0,0
9.955491e-04,-2.060407e+01,8.824739e-01,-3.180753e+00,1.765993e+00,2.613763e+00,5.705912e+00,3.927531e+00,5.608130e+00,1.617134e+00,2.801314e+00,2.339519e+00,4.378695e+00,2.487156e-01,0,0,-1.114713e-05,-2.645199e-01,-3.767898e-02,-7.340369e-02,-3.488180e-01,4.830287e-01,5.655680e-01,-2.106116e-01,5.988265e-01,1.597751e+00,5.032082e-01,3.787130e-01,4.458685e-01,-2.384406e-02,0,0
9.948687e-04,-2.084595e+01,1.408447e+00,-3.332946e+00,1.179989e+00,3.159674e+00,5.285884e+00,2.757016e+00,7.110641e+00,4.349480e+00,2.671375e+00,2.232849e+00,5.337096e+00,1.653067e-01,0,0,-1.455064e-06,-2.198792e-02,1.721359e-01,-1.626735e-01,-8.012184e-01,-3.487107e-01,3.653778e-01,1.643281e-01,2.036419e-01,1.397744e+00,9.169947e-02,8.039866e-02,-3.219653e-01,-4.345723e-02,0,0
9.926989e-04,-2.063795e+01,1.180991e+00,-3.561152e+00,-2.704833e-01,1.741114e+00,6.378123e+00,4.169349e+00,6.703868e+00,6.014224e+00,2.440439e+00,2.796971e+00,4.069311e+00,9.821699e-02,0,0,-1.015980e-06,2.976353e-01,3.649037e-01,-4.999199e-02,-8.784229e-01,-8.717107e-01,-3.412641e-01,1.498890e-01,-4.459120e-01,2.800353e-01,-1.074899e-01,-2.204413e-02,-8.931831e-01,-1.580538e-02,0,0
9.988676e-04,-2.017241e+01,2.017166e+00,-3.564427e+00,-1.315807e+00,-1.810370e-01,5.140358e+00,4.229200e+00,4.978623e+00,4.258020e+00,1.417461e+00,1.046390e+00,2.378105e+00,1.118163e-01,0,0,-3.747176e-07,3.936016e-01,4.275692e-01,3.303743e-01,-2.341502e-01,-5.540592e-01,-5.386249e-01,-2.785346e-01,-1.031801e+00,-9.145521e-01,-3.645871e-01,-2.228776e-01,-1.019929e+00,2.450891e-02,0,0
9.884698e-04,-1.945267e+01,2.402633e+00,-3.314972e+00,-1.378224e+00,-7.443532e-02,4.072355e+00,3.940884e+00,4.444579e+00,3.063041e+00,2.890822e+00,2.822528e+00,1.392274e+00,1.964340e-01,0,0,-2.968940e-06,3.277451e-01,4.628794e-01,7.557417e-01,6.678098e-01,4.716255e-01,-3.558539e-01,-6.480768e-01,-5.303425e-01,-9.713787e-01,-5.651223e-01,-8.199826e-01,-8.539735e-01,3.753400e-02,0,0
9.951097e-04,-1.947058e+01,2.935472e+00,-1.804164e+00,5.631080e-01,1.297152e+00,3.745644e+00,1.478575e+00,3.081280e+00,1.252310e+00,6.232486e-01,1.105682e+00,1.575970e+00,2.387428e-01,0,0,-5.760114e-06,2.495348e-01,3.355101e-01,9.111802e-01,1.221540e+00,8.493444e-01,5.040547e-01,-3.798805e-01,-4.222782e-01,-2.256073e-01,-5.219957e-01,-1.222771e+00,-3.584529e-01,8.340888e-03,0,0
9.797332e-04,-1.935014e+01,3.036235e+00,-6.625755e-01,2.129108e+00,3.360146e+00,5.296210e+00,2.304278e+00,5.000828e+00,2.660185e+00,1.193420e-02,-1.332589e+00,2.005109e-01,2.224237e-01,0,0,-1.667853e-06,2.178997e-01,2.456205e-01,4.759727e-01,9.703006e-01,6.833645e-01,1.059710e+00,3.128428e-01,-5.878830e-03,9.436979e-01,3.021325e-01,-1.091777e+00,1.988562e-01,-3.605319e-02,0,0
9.744353e-04,-1.897600e+01,3.377915e+00,-3.347244e-01,3.038229e+00,2.348394e+00,7.048704e+00,3.148101e+00,2.589108e+00,3.331411e+00,2.469261e-01,-2.989905e+00,1.181723e+00,1.405258e-01,0,0,-1.638138e-06,2.877008e-01,1.896747e-01,-6.853911e-02,3.562746e-01,-1.245349e-01,6.623623e-01,5.894256e-01,-3.736280e-01,1.320325e+00,1.504459e+00,2.954575e-01,8.265349e-01,-5.790269e-02,0,0
9.904677e-04,-1.861046e+01,3.409514e+00,-1.669829e+00,2.235718e+00,2.816766e+00,7.719372e+00,4.670336e+00,4.661271e+00,6.741980e+00,4.589645e+00,-5.885644e-01,2.583679e+00,6.527653e-02,0,0,-5.269249e-07,1.839415e-01,6.009660e-02,-3.933247e-01,-1.124034e-02,-3.349903e-01,-1.916653e-01,2.483338e-01,-6.773174e-01,7.613124e-01,1.472286e+00,1.343829e+00,1.527117e+00,-4.959202e-02,0,0
9.815517e-04,-1.840192e+01,3.697206e+00,-1.643233e+00,2.291176e+00,9.461679e-01,5.845874e+00,3.242674e+00,1.382918e+00,5.813040e+00,5.856687e+00,2.210958e+00,4.517060e+00,2.780296e-02,0,0,5.272450e-07,9.780578e-02,-1.039056e-01,-3.651048e-01,7.655306e-02,6.281924e-02,-1.060200e-01,1.005417e-01,-1.623256e-01,-1.968857e-01,2.793642e-01,1.589617e+00,1.050576e+00,-2.538531e-02,0,0
9.735404e-04,-1.871747e+01,3.177072e+00,-1.974945e+00,2.446433e+00,2.386308e+00,4.939299e+00,3.498660e+00,2.217336e+00,5.225933e+00,4.568486e+00,2.786125e+00,6.168428e+00,3.082502e-02,0,0,1.517939e-06,-4.713497e-02,-2.210021e-01,-1.615384e-01,2.970310e-01,3.392355e-01,6.274513e-01,4.442054e-01,-1.716840e-02,-1.497849e+00,-1.181816e+00,9.082408e-01,5.384552e-01,-9.549715e-03,0,0
9.855352e-04,-1.843346e+01,2.974608e+00,-2.007691e+00,3.315637e+00,2.877720e+00,7.908640e+00,4.236647e+00,2.999448e+00,3.105006e+00,1.654327e+00,3.270836e+00,4.642228e+00,3.082502e-02,0,0,7.627380e-06,-1.386352e-01,-2.502850e-01,-1.624429e-01,1.919107e-01,5.502962e-01,1.169165e+00,6.978976e-01,3.149568e-01,-1.739059e+00,-1.738613e+00,4.560389e-01,2.006855e-02,-6.316108e-03,0,0
9.960657e-04,-1.883036e+01,2.665803e+00,-2.295292e+00,3.208643e+00,3.547168e+00,9.825246e+00,6.394376e+00,3.767164e+00,6.067498e-01,7.817431e-01,3.422700e+00,5.213371e+00,1.601692e-02,0,0,6.788364e-06,-1.942945e-01,-1.155784e-02,2.328925e-02,-4.122173e-01,6.340019e-02,7.059070e-01,-5.175419e-02,-2.388458e-01,-1.383402e+00,-1.036857e+00,1.748546e-01,-1.647861e-01,-2.175884e-03,0,0
1.008426e-03,-1.903865e+01,2.701416e+00,-2.295274e+00,2.869625e+00,3.117219e+00,9.248728e+00,5.284304e+00,2.182788e+00,-5.726655e-01,-9.430051e-01,4.172864e+00,5.094931e+00,3.626473e-03,0,0,-1.596892e-06,-1.616270e-01,1.076595e-01,1.345691e-01,-6.966897e-01,-5.519271e-03,-2.712374e-01,-1.154984e+00,-5.756907e-01,-7.185126e-02,-1.368085e-01,-1.935321e-01,-1.031782e-01,8.522211e-03,0,0
9.960368e-04,-1.938635e+01,3.255879e+00,-1.714707e+00,6.083529e-01,2.583559e+00,7.798790e+00,2.716060e+00,1.431437e+00,1.477568e-01,6.828689e-01,3.209384e+00,5.118145e+00,3.354488e-02,0,0,-1.232957e-05,4.346085e-03,1.224107e-01,3.440545e-01,-5.148709e-01,-6.360066e-02,-4.688312e-01,-1.211194e+00,1.752395e-01,1.008835e+00,5.148010e-01,-7.690123e-01,-7.122437e-01,1.879722e-02,0,0
9.775652e-04,-1.896360e+01,3.217868e+00,-1.625138e+00,1.132333e+00,3.331928e+00,7.565681e+00,3.008862e-01,1.288857e+00,2.975247e+00,1.019722e+00,2.409834e+00,4.173949e+00,6.467211e-02,0,0,-2.002267e-05,9.563027e-02,-1.141860e-01,1.633350e-01,1.326321e-01,2.618551e-03,-4.822837e-01,-1.381954e-01,1.247147e+00,1.352961e+00,1.220916e+00,-5.628554e-01,-7.377244e-01,1.353883e-02,0,0
9.498482e-04,-1.884615e+01,3.019630e+00,-9.100878e-01,1.502934e+00,3.121810e+00,8.322613e+00,2.830116e+00,5.090327e+00,3.876967e+00,2.374385e+00,4.591537e-01,2.112643e+00,7.948021e-02,0,0,-1.391838e-05,2.404728e-02,-4.116205e-01,-2.219327e-01,6.353508e-01,1.275071e-01,-7.430896e-01,5.028204e-01,1.303758e+00,1.051648e+00,1.389459e+00,6.974940e-02,-3.438515e-01,-1.329707e-03,0,0
9.314069e-04,-1.883060e+01,2.248610e+00,-1.880909e+00,3.085495e+00,2.861186e+00,6.575398e+00,4.536299e+00,6.589079e+00,4.327533e+00,4.315816e+00,2.733703e+00,2.909060e+00,4.835298e-02,0,0,-6.879022e-06,-1.260271e-01,-5.329539e-01,-4.517511e-01,4.886595e-01,3.573558e-01,-1.177285e+00,2.498550e-01,3.218220e-01,3.218523e-01,1.283261e+00,5.515088e-01,1.462293e-01,-2.326987e-03,0,0
9.495241e-04,-1.933262e+01,1.682405e+00,-2.696485e+00,2.808526e+00,3.456465e+00,4.578484e+00,3.112456e+00,5.300116e+00,4.729856e+00,5.982115e+00,3.396196e+00,4.031332e+00,3.505591e-02,0,0,1.092232e-06,-1.277294e-01,-4.763259e-01,-3.858050e-01,1.950071e-01,5.829088e-01,-1.491817e+00,-1.040841e+00,-1.154762e+00,-1.236012e-01,1.230332e-01,1.485521e-01,-9.562697e-02,2.203082e-02,0,0
9.433322e-04,-1.935050e+01,1.221711e+00,-2.990695e+00,2.922834e+00,4.951379e+00,3.551322e+00,1.408991e+00,2.793073e+00,4.158064e+00,5.632159e+00,3.698856e+00,3.945751e+00,7.524932e-02,0,0,1.705450e-06,2.378654e-02,-2.970893e-01,4.056945e-02,-1.904135e-01,5.666180e-01,-7.087427e-01,-1.291982e+00,-1.130847e+00,-4.260668e-01,-9.487051e-01,-7.066162e-01,-1.140202e+00,5.485041e-02,0,0
9.493468e-04,-1.922485e+01,1.151450e+00,-2.284220e+00,2.559300e+00,4.991258e+00,2.375565e+00,-8.104348e-01,1.214520e+00,3.343696e+00,2.331380e+00,7.193377e-01,1.116163e+00,1.761862e-01,0,0,5.064882e-07,1.808670e-01,-1.773262e-01,1.596681e-01,-4.851997e-01,-1.908896e-01,2.471106e-01,-6.437275e-01,-6.406100e-01,-8.066211e-01,-1.437613e+00,-5.766281e-01,-1.239068e+00,6.421880e-02,0,0
9.400228e-04,-1.876555e+01,1.028641e+00,-1.884194e+00,2.258041e+00,4.926880e+00,4.133144e+00,3.783265e-02,2.977641e+00,2.890280e+00,1.397659e+00,5.390512e-01,-1.334366e+00,2.520399e-01,0,0,6.036321e-06,2.625046e-02,-1.316917e-01,-1.247695e-02,-7.338658e-01,-9.510494e-01,8.303602e-01,4.749840e-01,-7.040107e-01,-1.088969e+00,-1.014807e+00,-5.043051e-02,-2.633108e-01,4.100936e-02,0,0
9.537112e-04,-1.872076e+01,8.923091e-01,-2.451395e+00,7.149246e-01,2.514267e+00,5.523126e+00,5.793982e-01,2.004781e+00,1.330643e+00,9.112980e-01,2.092958e+00,4.760489e-01,2.677546e-01,0,0,1.239557e-05,-2.376366e-01,-4.651448e-02,-2.917375e-01,-8.132480e-01,-1.365954e+00,5.556698e-01,9.366945e-01,-1.323602e+00,-1.664950e+00,-5.995693e-01,1.574003e-01,9.753313e-01,8.643095e-03,0,0
9.713316e-04,-1.947130e+01,6.928229e-01,-2.969492e+00,1.756932e-01,1.434627e+00,6.129343e+00,3.088995e+00,-1.122111e+00,-2.802564e-01,1.268167e+00,2.759893e+00,2.949254e+00,2.345119e-01,0,0,1.749786e-05,-3.911417e-01,6.777100e-02,-3.158658e-01,-4.839250e-01,-1.395090e+00,-3.481704e-01,1.989816e-01,-1.706590e+00,-1.292794e+00,-6.312125e-01,-6.963130e-01,1.180946e+00,-6.980957e-03,0,0
9.956702e-04,-2.006016e+01,1.086787e+00,-3.200258e+00,-4.657668e-01,-9.238636e-02,4.155815e+00,2.347457e+00,-3.353614e+00,-3.395786e+00,-6.017208e-01,3.959184e-01,3.851009e+00,2.281656e-01,0,0,9.288191e-06,-2.294672e-01,2.262075e-01,5.839152e-02,6.167412e-04,-4.861516e-01,-4.279864e-01,-6.104919e-01,-6.934373e-01,-2.488886e-01,-4.323379e-01,-1.159294e+00,4.650290e-01,-6.044114e-03,0,0
1.006533e-03,-2.005156e+01,1.270257e+00,-3.089091e+00,4.287612e-01,-7.452422e-01,3.075948e+00,1.487114e-01,-2.876111e+00,-1.210476e+00,-1.001895e+00,-2.093994e+00,2.882886e+00,2.369296e-01,0,0,-1.653156e-06,-1.550617e-02,2.701804e-01,3.927060e-01,1.666152e-01,1.109073e-01,2.121396e-02,-5.927942e-01,8.973791e-01,8.713118e-01,1.455860e-02,-7.283741e-01,-3.229244e-01,-8.189783e-03,0,0
9.825516e-04,-1.957796e+01,1.734629e+00,-2.099638e+00,5.914742e-01,1.173444e+00,4.909891e+00,-1.002919e+00,-5.854052e-01,5.513096e-01,-1.153609e-01,-1.276570e+00,2.834378e+00,2.363252e-01,0,0,-9.707233e-06,8.782997e-02,2.123897e-01,5.754543e-01,4.821806e-01,8.852165e-01,1.010977e+00,7.551619e-01,1.869877e+00,1.612930e+00,9.543799e-01,3.905888e-01,-4.194487e-01,-1.900877e-02,0,0
9.696251e-04,-1.978992e+01,1.719804e+00,-1.556272e+00,4.801489e-01,1.356249e+00,5.858374e+00,1.800212e+00,1.980680e+00,2.102755e+00,1.097780e+00,-4.573290e-02,1.842947e+00,1.894832e-01,0,0,-8.201599e-06,2.220917e-02,7.078308e-02,3.313231e-01,5.888239e-01,8.948866e-01,1.215494e+00,1.691922e+00,1.939255e+00,1.410072e+00,1.157807e+00,1.301462e+00,-1.095035e-01,-3.152010e-02,0,0
9.655878e-04,-1.975183e+01,1.923962e+00,-1.089396e+00,1.919442e+00,3.282951e+00,7.819487e+00,5.297516e+00,3.567375e+00,3.012249e+00,3.120341e+00,1.324732e+00,2.273735e+00,1.568450e-01,0,0,-8.510542e-07,7.880993e-02,-7.254863e-03,-6.022511e-02,7.051421e-01,4.892300e-01,7.389060e-01,1.491194e+00,1.534174e+00,1.547906e+00,1.033971e+00,1.550910e+00,2.214212e-01,-3.647628e-02,0,0
9.740065e-04,-1.985358e+01,1.529506e+00,-1.937597e+00,2.708897e+00,2.674438e+00,7.698618e+00,5.458102e+00,4.743776e+00,4.609414e+00,3.169291e+00,3.112664e+00,2.615690e+00,1.190692e-01,0,0,4.077837e-06,1.082747e-01,1.591628e-01,-3.296964e-01,1.587857e-01,-5.608368e-02,-4.908299e-02,7.455502e-02,9.145657e-01,1.291587e+00,6.045672e-01,1.201254e+00,3.970560e-01,-3.487458e-02,0,0
9.761056e-04,-1.915208e+01,1.793504e+00,-2.210101e+00,3.002811e+00,2.960500e+00,7.684299e+00,4.624105e+00,5.703919e+00,7.037511e+00,4.018740e+00,4.898780e+00,3.555113e+00,8.915079e-02,0,0,3.208488e-06,1.091358e-01,4.510423e-01,-2.384151e-01,-3.894991e-01,-5.920826e-01,-8.330183e-01,-8.111395e-01,1.802622e-01,6.538624e-01,5.085681e-02,3.900227e-01,4.073358e-01,-3.040193e-02,0,0
9.847553e-04,-1.954842e+01,2.580847e+00,-2.644402e+00,7.323931e-01,1.237056e+00,5.680553e+00,2.509693e+00,5.485237e+00,6.548059e+00,3.671417e+00,4.173512e+00,3.187539e+00,4.895739e-02,0,0,2.285419e-06,-2.098999e-02,5.226946e-01,-1.722118e-02,-2.930194e-01,-3.864599e-01,-8.743719e-01,-8.037406e-01,-1.763205e-01,-2.094889e-02,-3.945571e-01,-9.217235e-01,2.081461e-01,-1.453611e-02,0,0
9.762558e-04,-1.935873e+01,3.653503e+00,-1.928069e+00,9.601986e-01,1.041229e+00,4.663428e+00,2.716023e+00,4.097956e+00,5.312238e+00,3.123562e+00,2.744422e+00,4.024489e+00,3.989121e-02,0,0,1.817360e-06,-1.277641e-01,1.985652e-01,6.002476e-02,-5.025189e-02,-8.310264e-02,-4.270262e-01,-7.282721e-01,-7.026702e-01,-8.830234e-01,-1.301232e+00,-1.557022e+00,-2.624726e-03,8.612876e-03,0,0
9.853585e-04,-1.985521e+01,3.212980e+00,-2.164718e+00,2.265106e+00,1.701773e+00,4.837194e+00,2.393440e+00,4.665155e+00,5.367306e+00,1.644094e+00,-4.187739e-01,3.421732e+00,7.101844e-02,0,0,2.694578e-06,-7.953892e-02,-3.112573e-01,-8.347172e-02,-2.535951e-03,2.099851e-01,3.536322e-01,-8.116941e-01,-1.044151e+00,-1.252897e+00,-2.046075e+00,-1.805114e+00,-2.711043e-01,3.037171e-02,0,0
9.848909e-04,-1.963751e+01,2.470263e+00,-2.149819e+00,1.985195e+00,2.312628e+00,5.970848e+00,1.040871e+00,2.600609e+00,3.212771e+00,-1.473758e+00,-5.901847e-01,3.424893e+00,1.211846e-01,0,0,2.748449e-06,-4.090443e-02,-4.873966e-01,-3.256973e-01,-8.080299e-01,-9.654671e-02,6.972908e-01,-1.323661e+00,-1.657915e+00,-1.739807e+00,-2.452791e+00,-1.258848e+00,-2.734194e-01,3.647628e-02,0,0
9.939107e-04,-1.980672e+01,1.616181e+00,-2.950886e+00,2.072153e-01,1.651282e+00,6.795004e+00,-7.112020e-01,1.013158e+00,1.333310e+00,-4.260299e+00,-3.184755e+00,2.131816e+00,1.601692e-01,0,0,1.557986e-07,5.854569e-02,-2.851463e-01,-3.011162e-01,-1.266842e+00,-3.964951e-01,5.867695e-01,-1.287763e+00,-1.902779e+00,-1.805677e+00,-2.037902e+00,-5.072750e-01,-3.613057e-02,2.698701e-02,0,0
9.857219e-04,-1.958749e+01,2.014920e+00,-3.163472e+00,-2.051006e+00,5.837409e-01,7.170977e+00,-2.349959e+00,-2.365624e+00,-1.369797e+00,-6.188196e+00,-2.166827e+00,3.302350e+00,1.776972e-01,0,0,-6.526592e-07,3.192692e-02,-5.119480e-02,-2.239894e-01,-1.033062e+00,-4.525315e-01,2.776231e-01,-8.420418e-01,-1.331125e+00,-1.186824e+00,-1.135677e+00,-2.135358e-01,9.254499e-02,1.305530e-02,0,0
